"country","iso2c","year","lower_95","lower_90","median","upper_90","upper_95"
"Andorra","AD","1998",-9.94219539944227,-9.58535914684662,-7.59904354689635,-5.00587953408633,-4.63000971231453
"Andorra","AD","2007",-10.5777106819405,-10.3166380447976,-8.11753087983356,-5.65382434207705,-4.78692135575878
"Andorra","AD","2008",-10.9315649630818,-10.5160511655009,-8.14600753882717,-5.72344040677096,-4.75338222459706
"Andorra","AD","2009",-11.1900077070007,-10.7194912418898,-8.14684551251077,-5.63148366902906,-4.89862740355737
"Andorra","AD","2010",-11.3148784233101,-10.8815993889946,-8.17138266285226,-5.55326650319092,-4.86824753043044
"Andorra","AD","2011",-11.4623359017108,-10.9239700021999,-8.1803781909284,-5.506970761547,-4.86091397302864
"Andorra","AD","1999",-9.77876232120694,-9.54692631358073,-7.73380003077029,-5.17996945251083,-4.78299171419326
"Andorra","AD","2000",-9.83412979264418,-9.47286422032781,-7.82053644291961,-5.3144539838078,-4.86192273766687
"Andorra","AD","2001",-9.79807082549995,-9.51824886271297,-7.8205196874828,-5.33631219335731,-4.92944894921166
"Andorra","AD","2002",-9.92899163542696,-9.59114422796652,-7.85824680506729,-5.43792192601522,-4.90719890491934
"Andorra","AD","2003",-10.0174584899487,-9.7503063711119,-7.86266189622703,-5.45568703088932,-4.91658510520876
"Andorra","AD","2004",-9.99267690451797,-9.75518687406337,-7.95058450506316,-5.38176834493631,-4.86931670166315
"Andorra","AD","2005",-10.1972229470856,-9.91056768417562,-7.98446262257503,-5.28109332254177,-4.88159138058254
"Andorra","AD","2006",-10.4146680465085,-10.144503299341,-8.06045020105697,-5.41500173216925,-4.85146760739004
"Brunei Darussalam","BN","1998",-1.49727488018436,-1.34425772704686,-0.732815360291477,-0.216076319436071,-0.11277331001279
"Brunei Darussalam","BN","2007",0.580475182107226,0.628959491853804,0.974545805465366,1.42779093195978,1.51560711906855
"Brunei Darussalam","BN","2008",0.584555930272037,0.627185874677677,0.965395693711271,1.39693333585339,1.47382688853405
"Brunei Darussalam","BN","2009",0.57497048172649,0.619613775121553,0.945747183958014,1.40307355632535,1.49760514871461
"Brunei Darussalam","BN","2010",0.555284842845724,0.608687148101931,0.910894423964079,1.32774427719815,1.39968237011509
"Brunei Darussalam","BN","2011",0.52308267919418,0.576097251656317,0.917872310195966,1.37930655929678,1.48352610979623
"Brunei Darussalam","BN","1999",-0.609637499284619,-0.528611039529785,-0.128759711517035,0.238887600114193,0.298349406449857
"Brunei Darussalam","BN","2000",-0.207716853800963,-0.137779715743208,0.180627867371723,0.432404821415512,0.467596195537513
"Brunei Darussalam","BN","2001",0.488338248314872,0.52426697922816,0.77379201019712,1.0883544738561,1.14800931669042
"Brunei Darussalam","BN","2002",0.51734165259018,0.567422452608365,0.865365012777587,1.22751209410442,1.30349867682993
"Brunei Darussalam","BN","2003",0.524331218141845,0.571645105170362,0.884579030971666,1.28685656597015,1.38512054706046
"Brunei Darussalam","BN","2004",0.558372966161549,0.618430389610573,0.95816787753103,1.41573332743319,1.50948175836536
"Brunei Darussalam","BN","2005",0.567977106405743,0.625258181162869,0.949969159754775,1.37858450970669,1.44850857095949
"Brunei Darussalam","BN","2006",0.567402974571926,0.619124333480563,0.95561405843595,1.40592888558432,1.5060869142187
"Bahamas, The","BS","1998",0.554790827628883,0.598485122907377,0.918448708641485,1.38242808939522,1.47394144635014
"Bahamas, The","BS","2007",0.553564455830282,0.610519265830777,0.975871902324882,1.41309012320536,1.50785310275781
"Bahamas, The","BS","2008",0.548532076220914,0.607916242111442,0.954757125867113,1.40763802633717,1.49606481051313
"Bahamas, The","BS","2009",0.543768633243207,0.591505513633024,0.922620637488057,1.33343175966666,1.4277619721772
"Bahamas, The","BS","2010",0.5365152193116,0.592607767041571,0.90707857794448,1.30709275202938,1.37332799826556
"Bahamas, The","BS","2011",0.53523441313354,0.595103386591069,0.910926700428878,1.371556322496,1.46670899016387
"Bahamas, The","BS","1999",0.553757666060607,0.597186281980301,0.900519422380339,1.28898213070796,1.38840065507144
"Bahamas, The","BS","2000",0.520112736053526,0.572308802568112,0.889521347696572,1.27295759659871,1.35615347912344
"Bahamas, The","BS","2001",0.520352959227603,0.580073037350267,0.896891737433367,1.30884576471358,1.39207218698006
"Bahamas, The","BS","2002",0.517314397430561,0.587736867172953,0.895260903412729,1.3111796410937,1.39855584547701
"Bahamas, The","BS","2003",0.536599134114992,0.600803763481494,0.915890918024569,1.32108783395779,1.43838850952902
"Bahamas, The","BS","2004",0.539669387327932,0.611539663319555,0.952249599485776,1.37043983887824,1.47600204438776
"Bahamas, The","BS","2005",0.546323390310369,0.596429330570705,0.93121192488612,1.36626250949877,1.470027492697
"Bahamas, The","BS","2006",0.575691563251305,0.626922061222125,0.969622515090184,1.39124696620971,1.45966346023273
"Canada","CA","1998",2.60095827052821,2.77516545635301,4.0658792407602,5.56048139325128,5.92901324107051
"Canada","CA","2007",2.00158228756533,2.15757678425828,2.9317050242286,3.83174132353311,4.00944927133005
"Canada","CA","2008",1.21866405002765,1.35139939614365,1.99293820114646,2.6948013875308,2.84883964227703
"Canada","CA","2009",-0.232034017331928,-0.148735982545429,0.211598073183855,0.451331339782724,0.488314140495198
"Canada","CA","2010",-0.489149773872075,-0.414894890436149,-0.0127318135569076,0.331627667298793,0.389031841827374
"Canada","CA","2011",-0.702126122637531,-0.608112460105206,-0.1593701013614,0.26791476282276,0.331085144185975
"Canada","CA","1999",2.78589503006617,2.96455359282178,4.17817879342839,5.43245679850628,5.68867905760326
"Canada","CA","2000",3.00037411801153,3.21893448579344,4.38254493308308,5.62686921725387,5.8747510180224
"Canada","CA","2001",3.06608695944438,3.25903732204957,4.45815096905119,5.67161641171847,5.93067068363324
"Canada","CA","2002",3.08740490834398,3.30739950105224,4.46459905443821,5.72286431538173,5.9685020159768
"Canada","CA","2003",3.04095196156896,3.23556457228628,4.35372047919854,5.61517029682715,5.93919236451961
"Canada","CA","2004",2.98715574548564,3.15537532176897,4.19064650888831,5.43072039599092,5.78540901912231
"Canada","CA","2005",2.78935714716615,2.93178438807077,3.91706341945788,5.10621105205114,5.35464348747456
"Canada","CA","2006",2.50938846456436,2.62088921903268,3.51860598331,4.61616020745316,4.87559362552275
"Switzerland","CH","1998",1.14735581155184,1.25656545809831,2.02746618117359,2.98637058648526,3.14511187095863
"Switzerland","CH","2007",2.98221847440632,3.11474496293787,4.07478776796813,5.21370207483304,5.45457096058102
"Switzerland","CH","2008",2.72487995094829,2.8724627769054,3.7802702104255,4.84784082104743,5.0637672342331
"Switzerland","CH","2009",2.34145466912059,2.47741320686072,3.29550234620507,4.25997487727746,4.42689608350654
"Switzerland","CH","2010",1.74570982084583,1.86654919558313,2.58745932864393,3.39774289861749,3.59720249617359
"Switzerland","CH","2011",0.865411369651985,0.986106209277759,1.64952395308374,2.46931256792308,2.70170014217013
"Switzerland","CH","1999",1.47520855557676,1.60119393989832,2.33965885658544,3.20239666588777,3.33078606624306
"Switzerland","CH","2000",1.97399362859724,2.09235303805479,2.91508644827638,3.79746134043443,3.94891786855933
"Switzerland","CH","2001",2.26642824011441,2.46116229163355,3.36265920076502,4.28921885037988,4.51757490376861
"Switzerland","CH","2002",2.70789427840468,2.87470538994619,3.83247482721558,4.89968587709189,5.07451765925968
"Switzerland","CH","2003",2.92656908415444,3.08279407838325,4.11028547105681,5.23204208495985,5.48545369204211
"Switzerland","CH","2004",3.06857316496308,3.25103339139646,4.25514946502226,5.42598826251432,5.69708822962047
"Switzerland","CH","2005",3.04853788994745,3.2967290141071,4.30779832249075,5.54912155202007,5.7676507478657
"Switzerland","CH","2006",3.05545488841016,3.23444344027583,4.23938391111701,5.46897012579799,5.70291991640204
"Curacao","CW","1998",-10.2916821573608,-9.88208871029267,-6.94905468907626,-4.16744631202998,-3.80499440405992
"Curacao","CW","2007",-10.6131248414518,-10.1983341061425,-7.13769352972542,-4.9708143542599,-4.62235274727235
"Curacao","CW","2008",-10.7734982666018,-10.4313213779104,-7.18096463860808,-4.9997077708028,-4.67686191581944
"Curacao","CW","2009",-10.8371757777767,-10.447548955182,-7.23244570152625,-4.94619013571604,-4.60040538013634
"Curacao","CW","2010",-11.0096895210751,-10.4960588249609,-7.24727183889814,-4.89952422635947,-4.54909119060313
"Curacao","CW","2011",-11.1554010360334,-10.6669525668512,-7.30968942957584,-4.78923684759632,-4.32602544333996
"Curacao","CW","1999",-10.191013075802,-9.81158780616898,-7.04535530530887,-4.26128808668959,-3.83340572115896
"Curacao","CW","2000",-10.2377853108891,-9.84909084339588,-7.1154309215876,-4.40334196461689,-3.98936494608131
"Curacao","CW","2001",-10.2254260521387,-9.85236750043412,-7.09390252505366,-4.57643194690723,-4.23936645343108
"Curacao","CW","2002",-10.2235505210684,-9.85120876290905,-7.10004922118147,-4.66396380137766,-4.30611680393785
"Curacao","CW","2003",-10.2008849424344,-9.84545890623922,-7.16009879611765,-4.72809095832484,-4.38984491715258
"Curacao","CW","2004",-10.2977572221523,-9.931389988358,-7.06274723827377,-4.82090373543723,-4.43611038955268
"Curacao","CW","2005",-10.3388256516411,-9.94210097572377,-7.06120572536799,-4.84711466327597,-4.5361935287245
"Curacao","CW","2006",-10.3627089153189,-10.0483597915537,-7.11407024072627,-4.82040802866034,-4.48078869000287
"Cyprus","CY","1998",0.533621768622689,0.595479216438402,0.933650058381768,1.42689119951499,1.52680420795634
"Cyprus","CY","2007",0.674908142551812,0.734941222360403,1.14413307566211,1.65843797152209,1.75006077015352
"Cyprus","CY","2008",1.00873869921813,1.08204350306674,1.59528822015875,2.16806000997026,2.2731917139387
"Cyprus","CY","2009",1.1123784633226,1.21519068913718,1.78524723048974,2.35383021564359,2.45490952308555
"Cyprus","CY","2010",1.08815760050963,1.19903019146442,1.78421428306707,2.42520319422631,2.54019535328713
"Cyprus","CY","2011",0.981774544150228,1.09372998644099,1.77450724930681,2.53267915194929,2.69009426974024
"Cyprus","CY","1999",0.526202017150575,0.586609405461379,0.929330287435243,1.34586193082414,1.42220480568543
"Cyprus","CY","2000",0.529090741466523,0.582149081846741,0.899588063741738,1.30800330621169,1.38394273396981
"Cyprus","CY","2001",0.519340999778109,0.571200882538828,0.898541750812498,1.31013636570828,1.41006801988799
"Cyprus","CY","2002",0.505635312561507,0.563733535715676,0.906030466386444,1.37416118272061,1.4663810280272
"Cyprus","CY","2003",0.530325579969549,0.583139304679847,0.910602970391828,1.35547378621974,1.46186803233433
"Cyprus","CY","2004",0.522517222869964,0.570032700826498,0.892121902774943,1.35510689072022,1.44581707509315
"Cyprus","CY","2005",0.548181322970724,0.599590901197782,0.917239017928136,1.34294135771114,1.41001057866776
"Cyprus","CY","2006",0.572220566159286,0.620674316832994,0.976295699160136,1.43196453164404,1.51152130727042
"Czech Republic","CZ","1998",1.34942045838357,1.48516138084273,2.27592149536371,3.12483669457887,3.31045312128377
"Czech Republic","CZ","2007",2.00394488368216,2.13435556782736,2.91203501978651,3.79590984265842,3.95534320997044
"Czech Republic","CZ","2008",1.28304303047452,1.39880880802619,2.04224208335336,2.72546744687077,2.85992252177065
"Czech Republic","CZ","2009",0.23274548172736,0.2576647396666,0.460535252488078,0.601288623250365,0.619331046774637
"Czech Republic","CZ","2010",0.205149963930887,0.242286545322003,0.439729206133116,0.585362902476437,0.604204207670726
"Czech Republic","CZ","2011",0.20552525628722,0.24091900013666,0.437719237946337,0.586588357031388,0.605957444028464
"Czech Republic","CZ","1999",1.61198007895564,1.80355569181858,2.55679323034592,3.3560097004293,3.51899785394084
"Czech Republic","CZ","2000",1.95168534729234,2.08726793433074,2.94308533160445,3.83156807128671,3.97230066742434
"Czech Republic","CZ","2001",2.24038959961534,2.38320383671509,3.27124223375282,4.25648254828059,4.39658150401917
"Czech Republic","CZ","2002",2.48615648049176,2.64054473228983,3.62581815297331,4.65991857071021,4.84533199787333
"Czech Republic","CZ","2003",2.58644040323832,2.74100448557437,3.79788840372999,4.88496217137755,5.07141250210608
"Czech Republic","CZ","2004",2.61380235044519,2.77078511416278,3.83346715539258,4.86862288391356,5.07410969861259
"Czech Republic","CZ","2005",2.56678658390207,2.72845935327695,3.70726846114191,4.71698576409354,4.89963263521134
"Czech Republic","CZ","2006",2.33132156969422,2.49297447598804,3.41094971149751,4.39081988142296,4.60263275670451
"Germany","DE","1998",1.4395533715904,1.56177719156565,2.29622798436798,3.2224728736271,3.36932319725705
"Germany","DE","2007",2.54136489713014,2.67251713952449,3.434102221958,4.30263078470644,4.49274171414129
"Germany","DE","2008",2.48576061839599,2.62710736770515,3.35014137363474,4.21091982328449,4.34752830577403
"Germany","DE","2009",2.19597889750759,2.38720701655389,3.13700539220277,3.95049001287255,4.09461848162887
"Germany","DE","2010",1.83097646382166,1.96231645866418,2.8156581017548,3.63572341512482,3.77630877984827
"Germany","DE","2011",1.47239063941602,1.59081284565089,2.44398944708075,3.36773002017399,3.55944007204082
"Germany","DE","1999",1.68485119337689,1.78237915296679,2.46251064843447,3.35580839810284,3.52389689867519
"Germany","DE","2000",1.90418006370996,2.02569885412716,2.7308777911496,3.54217355058021,3.67740149538018
"Germany","DE","2001",2.06822927027296,2.18724218024431,2.90742483711272,3.70223638144269,3.84168310337868
"Germany","DE","2002",2.17763372533538,2.28012581422712,3.00863977411351,3.7850572819487,3.94716090322523
"Germany","DE","2003",2.17033725844282,2.35169048532579,3.09111051308984,3.91792274848257,4.05411920769545
"Germany","DE","2004",2.304105724859,2.41136258410203,3.17907741613179,3.99896250075995,4.15782263747434
"Germany","DE","2005",2.51459506622885,2.61357204910169,3.35297246771234,4.20371248579557,4.37366936067509
"Germany","DE","2006",2.47119171643677,2.61561771632097,3.43763550790309,4.29390285173038,4.4419072285796
"Denmark","DK","1998",1.13744421921223,1.25320409092714,1.92389493159281,2.7407047021775,2.93311035869425
"Denmark","DK","2007",1.50307294680198,1.60196785141099,2.21636020258827,2.97318405263998,3.14778382853563
"Denmark","DK","2008",1.11679480312276,1.19949056364378,1.72831697106446,2.33222469539781,2.46714043409542
"Denmark","DK","2009",0.244943665156446,0.270974296393662,0.461238450714084,0.599082052497047,0.619989986527874
"Denmark","DK","2010",0.226682849122295,0.254381075524437,0.447343216764853,0.583320176814073,0.603402216591514
"Denmark","DK","2011",0.207225209840413,0.237698283340295,0.439849161779615,0.588717883094183,0.608658330823358
"Denmark","DK","1999",1.14884077228755,1.2575198700846,1.89797247613386,2.62826037047538,2.78626216031966
"Denmark","DK","2000",1.12296895555514,1.22182208660121,1.87184322984039,2.53308937523366,2.74108938510746
"Denmark","DK","2001",1.63119796824119,1.73721107148627,2.37533355525729,3.1994591349422,3.36872095691701
"Denmark","DK","2002",2.04663266962429,2.15069356272934,2.84188719082604,3.65459619412889,3.79407984944249
"Denmark","DK","2003",2.1593154270054,2.29440903013177,3.00604542722459,3.7996372705619,3.96389613799839
"Denmark","DK","2004",2.11217697331348,2.23570996281646,2.95117298458791,3.81668515981889,3.9474740484154
"Denmark","DK","2005",1.92018335629838,2.05703140768898,2.72983997825645,3.54583374500989,3.66717735083927
"Denmark","DK","2006",1.47916361670593,1.60856301005951,2.21940215178129,2.98013969275647,3.15526697356817
"Estonia","EE","1998",0.615388290989124,0.681253047134676,1.14213790447412,1.71634415645176,1.82612382701793
"Estonia","EE","2007",1.06932963777077,1.16477913464974,1.79302641555436,2.46940153842151,2.58956722684789
"Estonia","EE","2008",1.06567582846134,1.15903746289912,1.76450917430987,2.48439698280142,2.62774289376293
"Estonia","EE","2009",1.04308523820987,1.13031715205463,1.73994597314446,2.41842847688052,2.55047386608445
"Estonia","EE","2010",0.961116777578936,1.04805656702413,1.67861444144638,2.31583041666457,2.469300741173
"Estonia","EE","2011",0.836503367290972,0.955104660338291,1.65794018677228,2.38407797674973,2.52355696019103
"Estonia","EE","1999",0.671576547864635,0.732452435822997,1.15533486314723,1.74463711851732,1.84301891698325
"Estonia","EE","2000",0.718394577632303,0.795988476272485,1.25793682183504,1.83774844328644,1.92466292860934
"Estonia","EE","2001",0.80298127845285,0.880669634981375,1.37737855214585,1.95086366025237,2.04046994265516
"Estonia","EE","2002",0.847948346169193,0.925364041516137,1.45626268915237,2.05364257786901,2.15091108841438
"Estonia","EE","2003",0.907967758258978,1.01687367943425,1.54120244692338,2.17935695549778,2.29851323385785
"Estonia","EE","2004",0.940719453234516,1.07419304409025,1.68842517670362,2.36956997366374,2.5290978643714
"Estonia","EE","2005",0.970127699809053,1.10089520077369,1.75059308504719,2.44057651013868,2.57285370781356
"Estonia","EE","2006",1.03286483556095,1.14974002108346,1.77834470872029,2.45805227550535,2.60511520129612
"United Arab Emirates","AE","1998",-0.186635157792264,-0.123252479271024,0.209136036868558,0.455445195754363,0.501142221626887
"United Arab Emirates","AE","2007",0.0150158548107474,0.0698972815118534,0.341679598684312,0.530148000646987,0.56003561311084
"United Arab Emirates","AE","2008",0.703066336824185,0.77357619964972,1.22045341639146,1.71616278731289,1.80933008170496
"United Arab Emirates","AE","2009",1.09235196633912,1.20607289640932,1.74676661330427,2.34382326587457,2.48332674997909
"United Arab Emirates","AE","2010",1.18472673245096,1.27428898589836,1.87466357119638,2.50422790782596,2.65191466470378
"United Arab Emirates","AE","2011",1.05566910707418,1.15839068335194,1.84126308074833,2.56741880363218,2.75506828092577
"United Arab Emirates","AE","1999",-0.170136865833145,-0.116181212313184,0.211402615489294,0.457525637193169,0.495430862801064
"United Arab Emirates","AE","2000",-0.101447015310942,-0.0348473745298744,0.255491494170741,0.482207802467683,0.50610284520006
"United Arab Emirates","AE","2001",-0.0886066033444121,-0.0299738943786854,0.26609037411832,0.480669636709002,0.509323466057605
"United Arab Emirates","AE","2002",-0.141484688417763,-0.0677292633448234,0.257885516514349,0.487405155976956,0.519528802429138
"United Arab Emirates","AE","2003",-0.0922307702153723,-0.0385819945388032,0.251562131568912,0.48273760205697,0.517632011274636
"United Arab Emirates","AE","2004",-0.10320919267335,-0.0449686701915741,0.258741362492769,0.48234565137551,0.515859261400132
"United Arab Emirates","AE","2005",-0.0376674810788318,0.0180393754034968,0.272421937829607,0.487579670356589,0.520494229242106
"United Arab Emirates","AE","2006",-0.00619352358026136,0.0508894819766534,0.29810052051396,0.500303711141601,0.529409781286633
"Spain","ES","1998",1.7179270724098,1.8750053057663,2.83073623481016,4.03871312141475,4.23342302757565
"Spain","ES","2007",2.92577223674631,3.07506133343302,4.07183690790356,5.21511840226102,5.4643840133557
"Spain","ES","2008",2.88883919885306,3.05267344825534,4.03853978461848,5.28107354044343,5.52884690813713
"Spain","ES","2009",2.77270948520887,2.95461408015902,4.00433739340562,5.23714825645058,5.43850990455411
"Spain","ES","2010",2.60532606974404,2.7598286609885,3.91862066727382,5.15118755080016,5.38142676544596
"Spain","ES","2011",2.34494231381909,2.50124953267135,3.76838371889632,5.11994341206011,5.35636197744942
"Spain","ES","1999",2.17991611583263,2.3319734941079,3.1562381492959,4.19454385428614,4.40704661567445
"Spain","ES","2000",2.53688756389385,2.66812459607024,3.50437637635074,4.48319580038858,4.6218156189601
"Spain","ES","2001",2.62773205622788,2.77553796511899,3.67125621072843,4.68837855052639,4.85337150500495
"Spain","ES","2002",2.78577147869094,2.98062985759897,3.92209665264667,4.87739522911838,5.05517629345128
"Spain","ES","2003",2.87696888836997,3.05961974810862,4.02740719782915,4.96198645672842,5.20659712815204
"Spain","ES","2004",2.86428652566619,3.06618218444749,4.0547337360124,5.07905869167319,5.27913177967071
"Spain","ES","2005",2.91862712733865,3.10190949396682,4.05502854667656,5.14451857412236,5.33021238646248
"Spain","ES","2006",2.89492191447113,3.07138628942772,4.11270531719851,5.20136952424906,5.37944019095156
"Finland","FI","1998",1.07419437131907,1.19662794731364,1.95111503000482,2.79465996969313,2.98279560911474
"Finland","FI","2007",2.04339904083129,2.18681121646049,2.95266746276572,3.81673332136783,4.11110624162393
"Finland","FI","2008",1.92884454708528,2.10000869234569,2.86854151008509,3.74218305281665,3.9921394913877
"Finland","FI","2009",1.83709862722792,1.95333458095682,2.74334416035499,3.66931505418093,3.85809940591562
"Finland","FI","2010",1.65985206491809,1.81135842711569,2.57674367051457,3.47217284588007,3.63766778308764
"Finland","FI","2011",1.36262978333059,1.52607367568221,2.32333889577776,3.2442301365381,3.43355091096674
"Finland","FI","1999",1.37840014056362,1.53350377538119,2.21391867079148,2.9754953881952,3.15703386199792
"Finland","FI","2000",1.77362893556084,1.91985394864568,2.6100355155986,3.40233970857429,3.60250761917128
"Finland","FI","2001",2.15941822846209,2.30844411584737,3.09503984061218,3.9887621441757,4.16730917080716
"Finland","FI","2002",2.45314787092954,2.56633249718969,3.352798589907,4.28299969751876,4.43700255577545
"Finland","FI","2003",2.52402480763622,2.65203020791666,3.46909416355715,4.39839106839389,4.56177037076879
"Finland","FI","2004",2.49124124740564,2.62951972874962,3.42302659077231,4.39030686756385,4.57928416666263
"Finland","FI","2005",2.27560838240941,2.40242346168094,3.19957930299931,4.13593758875233,4.43008243737588
"Finland","FI","2006",2.10180701215509,2.28627022183149,3.07125057058309,4.04388114932931,4.267197358473
"Faeroe Islands","FO","1998",-13.3344119109627,-13.0293942861422,-10.0636808033874,-6.73616704778474,-6.09989145426783
"Faeroe Islands","FO","2007",-14.6529186801918,-14.2496045090347,-10.6070964197188,-6.96697092755773,-6.26490267694775
"Faeroe Islands","FO","2008",-14.9144691350587,-14.3736836478752,-10.6918607353506,-6.93856962414211,-6.18815435289847
"Faeroe Islands","FO","2009",-15.1977929207188,-14.6254266691098,-10.8399919568865,-6.87120662042956,-6.04633758746996
"Faeroe Islands","FO","2010",-15.4594436613771,-14.746250689529,-10.9269600161558,-6.83002376794183,-5.94828272022739
"Faeroe Islands","FO","2011",-15.4531553619607,-14.8336870363713,-10.9956623892097,-6.88869341295239,-5.76927689114336
"Faeroe Islands","FO","1999",-13.3893486590028,-13.1505055574565,-10.1406465143919,-6.70789931171355,-5.94265909219074
"Faeroe Islands","FO","2000",-13.5078326875208,-13.2631818462683,-10.1411141106064,-6.623743438005,-5.87280212189946
"Faeroe Islands","FO","2001",-13.6584229479113,-13.4445148323597,-10.0971014661245,-6.69401539414716,-5.79984675127362
"Faeroe Islands","FO","2002",-13.9068534968776,-13.6454998446682,-10.1864988379999,-6.60512145957637,-5.83998270663823
"Faeroe Islands","FO","2003",-14.0179942605451,-13.7017406141662,-10.259995006171,-6.52321413813441,-5.84971664905481
"Faeroe Islands","FO","2004",-14.2428139624557,-13.8989299768595,-10.3596283216666,-6.56739610393228,-5.98937681375332
"Faeroe Islands","FO","2005",-14.3784023577419,-14.053101556073,-10.4491689718459,-6.64281534577405,-6.0896768322353
"Faeroe Islands","FO","2006",-14.4458952681264,-14.1648457079311,-10.5177026920696,-6.88792544424274,-6.17190660594336
"France","FR","1998",-0.526943132077086,-0.433723029461927,-0.0155120657936371,0.345933131695821,0.400183663718553
"France","FR","2007",2.22680648856164,2.38464232709535,3.27961891866132,4.21697142627257,4.40181598299232
"France","FR","2008",2.37914923183178,2.53070207582113,3.41962077315301,4.32279158074385,4.59147150923714
"France","FR","2009",2.37673994935572,2.51731632601375,3.38598906497393,4.42084732546091,4.61555530705835
"France","FR","2010",2.17443843277339,2.32425906454795,3.25180393119019,4.33080008369753,4.48608464186417
"France","FR","2011",1.80713417814644,1.98846761351018,2.97544408823767,4.08554323102163,4.29308787494173
"France","FR","1999",0.120665098963107,0.164436716503758,0.380821929650432,0.549776934840296,0.572281257493172
"France","FR","2000",1.08137880635596,1.15675516912035,1.71358395006822,2.35081824782661,2.49052611044565
"France","FR","2001",1.58651450053619,1.71311867871029,2.39241515544035,3.17993340416394,3.33733023959709
"France","FR","2002",1.91155629584709,2.0831923275332,2.83518025647127,3.64337262189021,3.75209339638881
"France","FR","2003",2.21987914188034,2.38053390036215,3.22251629485553,4.06548287946726,4.21490448870757
"France","FR","2004",2.40925781261573,2.51864528295607,3.33177009518821,4.21141940397844,4.42927606744708
"France","FR","2005",2.27054358154062,2.43104695953245,3.23452220324357,4.13749385701268,4.27002768139457
"France","FR","2006",2.19667191610512,2.37384634291089,3.2265568412494,4.12075198509872,4.28232183861555
"United Kingdom","GB","1998",0.389858057206371,0.413647511297325,0.616452670357789,0.823078907392001,0.861733508121609
"United Kingdom","GB","2007",0.383594752393873,0.408613428750918,0.609633132469457,0.785702980323117,0.825068261445156
"United Kingdom","GB","2008",0.377963200585725,0.405208290301072,0.612405501653698,0.781238342764681,0.820151688021997
"United Kingdom","GB","2009",0.38018874720635,0.4079676133987,0.629528107035018,0.813508314034577,0.869972411037529
"United Kingdom","GB","2010",0.380023542064937,0.407256435657,0.619121889992143,0.805238408235013,0.847031780867081
"United Kingdom","GB","2011",0.38601414115376,0.414085925662522,0.620417356822973,0.810229344316596,0.851123602119095
"United Kingdom","GB","1999",0.375676397900128,0.402465553635345,0.621425098513887,0.820415548359795,0.854187774627623
"United Kingdom","GB","2000",0.372909119809137,0.398240255967675,0.608325346381248,0.797376060814378,0.840264589205255
"United Kingdom","GB","2001",0.392640962639094,0.414151388196032,0.630711427793717,0.818751060604172,0.868361371610875
"United Kingdom","GB","2002",0.391151938048341,0.419523878693435,0.630536552189962,0.840864361940002,0.888721407203387
"United Kingdom","GB","2003",0.393633619507924,0.424002863881272,0.62284596602313,0.821876825056678,0.869994162468282
"United Kingdom","GB","2004",0.38291630319512,0.40667689827243,0.631087943084227,0.840982409715888,0.878693002419411
"United Kingdom","GB","2005",0.385578519098311,0.41381605568803,0.628036554925028,0.820902271488072,0.867474239248742
"United Kingdom","GB","2006",0.381865498789503,0.412639089686028,0.618223135296466,0.786364038889236,0.822185932427117
"Equatorial Guinea","GQ","1998",0.514523802435628,0.56661875997739,0.902246846321999,1.35777684612876,1.43146624381596
"Equatorial Guinea","GQ","2007",0.473716290833328,0.507764015640567,0.775888446318753,1.11983250694048,1.19768650984211
"Equatorial Guinea","GQ","2008",0.491710840735818,0.52968535021178,0.806097784378511,1.16815062937723,1.22924928735054
"Equatorial Guinea","GQ","2009",0.519975431570866,0.563186092786755,0.86060789131217,1.2609297799149,1.31378254281266
"Equatorial Guinea","GQ","2010",0.503643501900973,0.570477149538986,0.87497107174716,1.27071610774904,1.32924814226085
"Equatorial Guinea","GQ","2011",0.518842367187554,0.563921295305373,0.873713296020893,1.35027951360309,1.46978029469786
"Equatorial Guinea","GQ","1999",0.518100946887197,0.578244343730316,0.881547561761834,1.28786452147783,1.33909526174539
"Equatorial Guinea","GQ","2000",0.519125129989636,0.579640883177525,0.898995525324512,1.28704510914031,1.38148759064901
"Equatorial Guinea","GQ","2001",0.544846894134944,0.585247754695998,0.8936379065404,1.30078555472704,1.38000248914053
"Equatorial Guinea","GQ","2002",0.526002817904915,0.57495286058805,0.885867039165096,1.2721118545485,1.34495643237885
"Equatorial Guinea","GQ","2003",0.526047340081205,0.580958544531738,0.889217752377087,1.27311706833021,1.367704649487
"Equatorial Guinea","GQ","2004",0.527467496609088,0.571693280778701,0.883592084556872,1.28119168898803,1.35396603448625
"Equatorial Guinea","GQ","2005",0.507906325072366,0.560771898393808,0.875951625981798,1.26242042532147,1.34034570263563
"Equatorial Guinea","GQ","2006",0.475279501988124,0.524029929935657,0.788197854314822,1.13449055818562,1.20928288765807
"Greece","GR","1998",0.995410604510522,1.14164508554499,1.81884223880121,2.59226045810029,2.73428862403953
"Greece","GR","2007",2.37445076900269,2.54331576925151,3.46613522063826,4.46057833489104,4.60362172305253
"Greece","GR","2008",2.54125075068909,2.71116469398548,3.59441566029059,4.6443234751407,4.85687366987749
"Greece","GR","2009",2.51651567919691,2.69003455352223,3.62954648002274,4.73721430635168,4.91460362759585
"Greece","GR","2010",2.45468551720009,2.59433919439215,3.63811594476664,4.78158755153062,5.02569598520872
"Greece","GR","2011",2.21555111736231,2.42888691557786,3.52550700227996,4.80291536548629,4.97008218464339
"Greece","GR","1999",1.2881489401478,1.41848824648201,2.03873704019131,2.76136159399611,2.93355282052094
"Greece","GR","2000",1.51519518171117,1.65252306295932,2.37053082537286,3.05537481260027,3.18064100332058
"Greece","GR","2001",1.76425105480181,1.88801987077803,2.66081760683572,3.40775846697758,3.54494081275167
"Greece","GR","2002",1.89181916212857,2.04193867343725,2.83008385021373,3.58635597520515,3.76126320864836
"Greece","GR","2003",2.03531271284922,2.1940480057633,2.92577478545719,3.79512207942677,3.96534595799639
"Greece","GR","2004",2.07744127896624,2.23501498336497,3.01219643071338,3.80981377425576,4.0010731196599
"Greece","GR","2005",2.17293325439549,2.2957432237802,3.07270282432708,3.95076942578957,4.12599092417255
"Greece","GR","2006",2.23058691865502,2.38134750190079,3.23859745347948,4.16549801380406,4.3158688000758
"Hong Kong SAR, China","HK","1998",0.615614793991985,0.676679505453849,1.15618211265192,1.76874165705431,1.87698029616529
"Hong Kong SAR, China","HK","2007",1.32456592944526,1.44425259798171,2.03503241892964,2.69198250801534,2.8050771638447
"Hong Kong SAR, China","HK","2008",1.27153696429992,1.39519932634561,2.0063293462701,2.61846360174375,2.72665111209492
"Hong Kong SAR, China","HK","2009",1.22537857719414,1.30835005939969,1.9139299393567,2.49962394783585,2.59878300226588
"Hong Kong SAR, China","HK","2010",1.06620286558011,1.13083948338783,1.75134891696769,2.38228806552295,2.50629064278837
"Hong Kong SAR, China","HK","2011",0.919312097835075,1.01696041159063,1.6335209559856,2.3615477080701,2.4983366386936
"Hong Kong SAR, China","HK","1999",0.668383661369384,0.732945005084142,1.17637356193772,1.65502111549946,1.75762206593768
"Hong Kong SAR, China","HK","2000",0.747757453920526,0.829091661393959,1.33567308568277,1.8826924101918,1.9712115570278
"Hong Kong SAR, China","HK","2001",0.947474593559373,1.03557508129812,1.56746120346377,2.17729893985227,2.30743688194022
"Hong Kong SAR, China","HK","2002",1.03537204307713,1.1429373903867,1.7140425319459,2.31323477877822,2.46708285965577
"Hong Kong SAR, China","HK","2003",1.09085610426938,1.18314907287587,1.8299811834704,2.49036670777348,2.61607693194013
"Hong Kong SAR, China","HK","2004",1.29297569643211,1.38218949108524,1.96565440675456,2.58464474277048,2.73174340091734
"Hong Kong SAR, China","HK","2005",1.30856000125704,1.42056348426254,2.03138761751777,2.66493860412179,2.80533165905782
"Hong Kong SAR, China","HK","2006",1.27454239060467,1.4073918251014,2.05362707142636,2.71452059786249,2.87131176135485
"Croatia","HR","1998",1.29303959309337,1.44676875550178,2.33118817305894,3.28479781614515,3.45564842102518
"Croatia","HR","2007",3.73797508750115,3.9006116315993,5.09156340528197,6.48489114073415,6.71431052457908
"Croatia","HR","2008",3.75687601377598,3.96528477457798,5.25153154804856,6.74138670412969,7.08767799082737
"Croatia","HR","2009",3.72713646301368,3.95099438943586,5.3469058468251,7.04913270102505,7.43428485220337
"Croatia","HR","2010",3.61702196146788,3.8801736477224,5.42089695033473,7.23356512393577,7.65235954571891
"Croatia","HR","2011",3.44579481434231,3.75525522799289,5.44797084815099,7.39968412584529,7.80631616720161
"Croatia","HR","1999",1.61334179224343,1.74854618511216,2.5051886041444,3.36988534420028,3.52779801064687
"Croatia","HR","2000",2.04447915508384,2.17756458406764,2.97617993750748,3.81907810256334,3.94213984140184
"Croatia","HR","2001",2.37938161670015,2.55720966691727,3.37830614839401,4.32765566331503,4.54186566842804
"Croatia","HR","2002",2.85932467305636,2.99889398251622,3.8468007790614,4.8564126266536,5.11873770440868
"Croatia","HR","2003",3.23545862425899,3.373462607753,4.20972505376714,5.29217132519806,5.57643102067074
"Croatia","HR","2004",3.3499349471621,3.49798767742904,4.48690667763859,5.61555382799547,5.84086106763131
"Croatia","HR","2005",3.44815003378671,3.66526730844912,4.71210550403947,5.84641690565183,6.0917735666939
"Croatia","HR","2006",3.57928714337823,3.7950660291384,4.95703541461347,6.18943772841457,6.39249732071597
"Hungary","HU","1998",3.5573026496072,3.80657651526682,5.383621503776,7.55823705126734,8.29515037138648
"Hungary","HU","2007",1.69839394826129,1.8450724963755,2.5274154844288,3.30961788677959,3.49109710179717
"Hungary","HU","2008",1.22971063128995,1.3513133467739,1.9073032544257,2.5613034850214,2.73833348770939
"Hungary","HU","2009",0.240958353911159,0.2688852648332,0.46867095582007,0.60539968039805,0.624578710379161
"Hungary","HU","2010",0.214865822647737,0.249891171459528,0.453004469173755,0.590822533110297,0.608899238094875
"Hungary","HU","2011",0.218518633003525,0.24565200154615,0.44872891814825,0.587583691263443,0.607479442051936
"Hungary","HU","1999",3.69819093757267,3.90400258141544,5.3535530915451,7.48058182524012,8.03150351844507
"Hungary","HU","2000",3.59394728152042,3.87105408518817,5.27227061976456,7.27101213655116,7.62347292561835
"Hungary","HU","2001",3.49578885930232,3.69255848710942,5.11060677704623,6.79923642758214,7.14723878065151
"Hungary","HU","2002",3.30812186922677,3.56062796397694,4.83831661518812,6.36070151428128,6.71422853095805
"Hungary","HU","2003",3.08634115225892,3.30205884316688,4.51383590155973,5.88700125537283,6.19406093155683
"Hungary","HU","2004",2.99740397050464,3.1499419187273,4.18556726177654,5.41160491557163,5.62979763786621
"Hungary","HU","2005",2.6568060415673,2.7865526264749,3.69900369552914,4.71110733690035,4.97000794935887
"Hungary","HU","2006",2.08920786929915,2.23199201416755,3.07641450351812,3.9923861514297,4.17934402510729
"Austria","AT","1998",-0.845213675056531,-0.735619819752097,-0.247789940313956,0.144605449075667,0.211378994355473
"Austria","AT","2007",2.61134428967025,2.81412947930482,3.72330614062835,4.6986953731736,4.89946013353829
"Austria","AT","2008",2.58670470823858,2.71353241586967,3.57958615421913,4.59510150467622,4.82803498190484
"Austria","AT","2009",2.36164911063174,2.51808931509332,3.38369362566432,4.35486694723323,4.55568153424285
"Austria","AT","2010",1.96694746544076,2.12446897118999,3.08276860000039,4.05011700343999,4.33781743098624
"Austria","AT","2011",1.6130089022774,1.79130588335416,2.80524218026314,3.93999435622873,4.21593736277508
"Austria","AT","1999",0.023725770366442,0.0853359188731228,0.341209350281275,0.528502279187759,0.550333714388856
"Austria","AT","2000",1.01553384535784,1.11846892227901,1.69388952194531,2.34778697341645,2.50367104634629
"Austria","AT","2001",1.58337403352467,1.68845738551987,2.4213779791799,3.16960762418395,3.34585611211361
"Austria","AT","2002",2.10222830768664,2.21339519467849,3.00521709940157,3.90611212076288,4.07961141308811
"Austria","AT","2003",2.45899620958711,2.57935289193438,3.37789103585921,4.28332489141581,4.41506527416485
"Austria","AT","2004",2.62358971095173,2.78932271118957,3.61846341620308,4.59147376627823,4.88339248323177
"Austria","AT","2005",2.66339345452489,2.83643069191539,3.781563679866,4.77123800567752,5.00155366452752
"Austria","AT","2006",2.6782111433601,2.8576163268662,3.7925936850405,4.82959211519627,5.04954946316137
"Ireland","IE","1998",1.25457300224723,1.36834522827363,2.11316062432358,2.99538431373953,3.18079383730067
"Ireland","IE","2007",2.63564764723099,2.80175394661565,3.60978219573547,4.49942331084555,4.66240075281092
"Ireland","IE","2008",2.57157994402014,2.71997394599108,3.54323693134039,4.42789820170528,4.6313784217108
"Ireland","IE","2009",2.47865708524512,2.5936323559846,3.39338929302448,4.28850457661084,4.42380777877192
"Ireland","IE","2010",2.12725966359276,2.2834426165127,3.14770013916887,4.09571359013936,4.31674096242112
"Ireland","IE","2011",1.81377438934917,1.97430978673954,2.89674785563419,4.04061151189452,4.26922882870245
"Ireland","IE","1999",1.37365814128823,1.50339887312354,2.18949348333983,2.95117519765866,3.12367525692121
"Ireland","IE","2000",1.60732047542843,1.74178500757906,2.38347721682431,3.16084577582781,3.3219177010363
"Ireland","IE","2001",1.73997203431148,1.87493379748249,2.59869734698186,3.40008066753663,3.53691321316952
"Ireland","IE","2002",1.80312815452634,1.94409839029759,2.71687578445891,3.51871945315953,3.65885043806264
"Ireland","IE","2003",2.14410240577219,2.26164242821616,2.99505248136635,3.87647982242326,4.00773331527443
"Ireland","IE","2004",2.41521796189747,2.57617701806116,3.32815797508082,4.21381508845212,4.41583172765355
"Ireland","IE","2005",2.56377520544046,2.74814632595481,3.52903458879029,4.40496304386605,4.577956704634
"Ireland","IE","2006",2.60280276375874,2.77753219182764,3.61867044116958,4.45164696593817,4.62059468956534
"Israel","IL","1998",1.19594567293501,1.32892788217089,2.05926234815337,2.87297029074418,3.06581582705062
"Israel","IL","2007",1.94822817048156,2.07499731612339,2.78846228329832,3.63282622401012,3.79391826165054
"Israel","IL","2008",1.7872090727808,1.89974021065175,2.55665770112717,3.3435710810816,3.51271196570145
"Israel","IL","2009",1.41575172969102,1.54323351255373,2.20724680155746,2.89875403622269,3.03722398700836
"Israel","IL","2010",0.843363757214184,0.939018677628509,1.50033999073597,2.13876534812013,2.30384740820543
"Israel","IL","2011",0.634268643437747,0.694706674582704,1.14536315127799,1.80710699934931,1.92863806751058
"Israel","IL","1999",1.29115916190097,1.43754520409688,2.10598442770755,2.86348508453795,2.98963775262344
"Israel","IL","2000",1.51783876389077,1.62491888559421,2.30736108882689,3.02065320508437,3.12939628029369
"Israel","IL","2001",1.46089423316036,1.57469027965046,2.283140489,2.99182932783364,3.14103191432804
"Israel","IL","2002",1.61661366761885,1.78131937630634,2.4684567752805,3.25422327930089,3.43659965168022
"Israel","IL","2003",1.86956413798658,1.99385203067758,2.73914247856173,3.55347413084344,3.71637585557734
"Israel","IL","2004",2.04038666506715,2.16040626884134,2.87900928783591,3.68837978547847,3.84143906353561
"Israel","IL","2005",2.02889316070131,2.18213865719901,2.92931146569385,3.78596490284701,3.93971223876928
"Israel","IL","2006",2.03948205858796,2.17395064977712,2.90930452400154,3.76486224816479,3.97939786984486
"Isle of Man","IM","1998",-11.8534422748431,-11.3763919023743,-7.20437199863158,-4.47877752047636,-3.7322867138827
"Isle of Man","IM","2007",-12.5540916840184,-12.1962494342673,-7.55043546553278,-4.80393867249597,-4.11704836637844
"Isle of Man","IM","2008",-12.6587746959361,-12.3396945952702,-7.5409549019462,-4.94406470079296,-4.163030959785
"Isle of Man","IM","2009",-12.8658048631739,-12.4637334123446,-7.56078997185219,-4.8689139583044,-4.19966050753494
"Isle of Man","IM","2010",-12.9317199505276,-12.443594095182,-7.53522505236499,-4.75776057371472,-4.25768994861969
"Isle of Man","IM","2011",-13.1736684925246,-12.563732396679,-7.59910708641152,-4.66591894622356,-4.19800616680144
"Isle of Man","IM","1999",-11.9337860155183,-11.3066097366761,-7.32059497456686,-4.66232637154813,-3.82321738984555
"Isle of Man","IM","2000",-11.9794488780108,-11.4436362783905,-7.28618626741925,-4.73174911249109,-3.84782603655492
"Isle of Man","IM","2001",-11.9124245701401,-11.5293544239387,-7.34183547679826,-4.77277013752992,-3.98761867349849
"Isle of Man","IM","2002",-12.0284474868385,-11.6206341095584,-7.41790031985378,-4.79809121533977,-3.99866999313908
"Isle of Man","IM","2003",-12.0745404698962,-11.6944498949567,-7.50436823305521,-4.70550000118909,-3.90563039001944
"Isle of Man","IM","2004",-12.0886035541936,-11.7833079614183,-7.43736283622518,-4.83953822892755,-4.02995595773606
"Isle of Man","IM","2005",-12.2868542874472,-11.8229575601024,-7.46698279639044,-4.87823927571535,-4.0025315105966
"Isle of Man","IM","2006",-12.3971826421783,-11.9822105845986,-7.53891707155045,-4.85500325857999,-4.09061425493341
"Iceland","IS","1998",1.65118044662505,1.78569426707491,2.60054481514905,3.53435157578801,3.72077424812618
"Iceland","IS","2007",1.45262029421774,1.60126318259559,2.28248782873463,3.0214237670664,3.13972930782398
"Iceland","IS","2008",1.15314247932578,1.28768150455727,1.91699575367762,2.58688141529022,2.73272408947006
"Iceland","IS","2009",1.42392519559303,1.56160861316796,2.14482076856327,2.8300071745062,2.9753847330653
"Iceland","IS","2010",1.39545796960046,1.50341994286061,2.12671540186838,2.78640125276294,2.94071784945592
"Iceland","IS","2011",1.00323738880954,1.11954321047551,1.81567665903416,2.54289798250264,2.72747851105345
"Iceland","IS","1999",1.7977280765496,1.9299225533347,2.63956177098512,3.50306760007206,3.6460202648201
"Iceland","IS","2000",1.91675906236095,2.03449551317688,2.7537635526195,3.56642286182867,3.70909430734222
"Iceland","IS","2001",2.10622449099788,2.27220948669212,2.99027316042705,3.74373595161699,3.91413711777027
"Iceland","IS","2002",2.31369905438957,2.4669170141005,3.26208955607049,4.0278643953111,4.22490157425257
"Iceland","IS","2003",2.45013898579835,2.6256029391121,3.38455123953997,4.17362079479356,4.30450347622866
"Iceland","IS","2004",2.44754396271902,2.58723926840281,3.31399624893203,4.181648862848,4.36535866004703
"Iceland","IS","2005",2.26280808962727,2.37338656177388,3.10322158930917,3.93465029312411,4.12571066998319
"Iceland","IS","2006",1.91489514636553,2.05201110462879,2.73823447963063,3.48472604190491,3.64423978910328
"Italy","IT","1998",1.51437610259248,1.68049289575053,2.48189706867539,3.39594285960854,3.5980032411708
"Italy","IT","2007",2.62419093611336,2.7423592169719,3.63796746827693,4.59492088605598,4.79400205659905
"Italy","IT","2008",2.4772535141302,2.60656284892789,3.58648685369507,4.54034137284956,4.70254301968682
"Italy","IT","2009",2.33405627509688,2.4944506109106,3.42108979691119,4.45938834872533,4.58135168268236
"Italy","IT","2010",2.06617138167991,2.26314688554825,3.17870466518913,4.25111257022658,4.48354636595292
"Italy","IT","2011",1.62584041224615,1.86390981691765,2.81093081934045,4.01447626365432,4.19248887926592
"Italy","IT","1999",1.82583812258175,1.93872247218062,2.68616180378972,3.54011381459588,3.7024942629055
"Italy","IT","2000",2.18160416310611,2.27985205253195,3.02370862532179,3.86331230633059,4.06815953069278
"Italy","IT","2001",2.19798857765089,2.35564908408114,3.14882419489156,3.99113665364368,4.19411889192947
"Italy","IT","2002",2.21403839930012,2.3839248778717,3.21828405267228,4.12772136752621,4.40619271615099
"Italy","IT","2003",2.31163275669953,2.47365553472583,3.29690834383434,4.21512629273461,4.51413274549119
"Italy","IT","2004",2.38900629887953,2.54940179644482,3.36437200447413,4.3377856874199,4.57094503244663
"Italy","IT","2005",2.49405564404858,2.63580360547444,3.53088624525348,4.45772691129417,4.62855330423583
"Italy","IT","2006",2.52037928713166,2.72762312927075,3.6088349894865,4.55252152578948,4.70144335080587
"Japan","JP","1998",2.14322580794272,2.30307086700209,3.34198211077574,4.53075864462092,4.8031750367953
"Japan","JP","2007",3.07144921084256,3.19391611707172,4.18281264472764,5.26974286460038,5.5602719810334
"Japan","JP","2008",2.6623679276759,2.87182060347668,3.73470431449864,4.74995293333599,4.92198213394567
"Japan","JP","2009",2.2355030501691,2.3562592817004,3.08337661682961,3.97979126806391,4.16265798944959
"Japan","JP","2010",1.35046182712734,1.466268208009,2.13318322712298,2.8120016495621,2.93511682024834
"Japan","JP","2011",0.744068055393291,0.831713385361105,1.46137827523161,2.2169960953372,2.38084277818335
"Japan","JP","1999",2.48843783451242,2.61134145669999,3.58156521164812,4.69429540701852,4.94582408051582
"Japan","JP","2000",2.91250406165886,3.08097403136191,4.15813304679986,5.36556092131025,5.62877399300564
"Japan","JP","2001",3.22303967229049,3.39886165067418,4.52732333529972,5.90096123799082,6.23203024431316
"Japan","JP","2002",3.45678882837716,3.61027071852043,4.73141139504194,6.20782699464181,6.59571527448598
"Japan","JP","2003",3.53483088960235,3.71624998006384,4.86709937708828,6.3065663041944,6.66537852479032
"Japan","JP","2004",3.5627408674939,3.728688786659,4.7900804774841,6.15606904041467,6.49464496364561
"Japan","JP","2005",3.48892008205383,3.68923306253964,4.68274072166482,6.00070382600788,6.24513955219443
"Japan","JP","2006",3.30240023270026,3.50566882892281,4.49259856960442,5.60834830226286,5.8905397923279
"Korea, Rep.","KR","1998",1.33035390293855,1.44496684726005,2.19660044927433,3.03767171197015,3.19956597779167
"Korea, Rep.","KR","2007",2.40031549210976,2.56777545247465,3.34863416877388,4.22446927749194,4.38108637550449
"Korea, Rep.","KR","2008",2.46043069031153,2.64955339284864,3.41815588764486,4.33261917684334,4.53019848344461
"Korea, Rep.","KR","2009",2.39004283893075,2.51609003395434,3.32390090232816,4.27529176297336,4.49838864498134
"Korea, Rep.","KR","2010",2.12084644778586,2.22913779008754,3.054882810364,4.048543772557,4.23118087398287
"Korea, Rep.","KR","2011",1.67922141156088,1.83013375778189,2.75996520948309,3.80030318644731,4.03980192736961
"Korea, Rep.","KR","1999",1.47542754159943,1.56251668991417,2.22840963076911,3.01510953128343,3.17413327237154
"Korea, Rep.","KR","2000",1.63995252675157,1.74007600577149,2.41429943309916,3.21404061492981,3.35631492614721
"Korea, Rep.","KR","2001",1.8229999146853,1.9986004765409,2.71937957127863,3.57529353529127,3.72716293050681
"Korea, Rep.","KR","2002",2.35280518975172,2.47126342360878,3.29074408802837,4.13393769504629,4.29909240095886
"Korea, Rep.","KR","2003",2.61152508009535,2.76228076752016,3.58503492232789,4.56136631792936,4.75721641282126
"Korea, Rep.","KR","2004",2.75040366302062,2.90322050928289,3.72664848332366,4.64757515230483,4.86352776586341
"Korea, Rep.","KR","2005",2.68656630187861,2.84714051390421,3.66675520814105,4.56956592106253,4.78824685432121
"Korea, Rep.","KR","2006",2.5104759159295,2.63243447161281,3.43150223786581,4.36814950084959,4.52661606144735
"Kuwait","KW","1998",1.08754323864845,1.18651751942585,1.84646022257393,2.65803403676373,2.79347921912806
"Kuwait","KW","2007",0.935770084275467,1.01674048781931,1.54369499048142,2.10853216041868,2.21478444947453
"Kuwait","KW","2008",0.961189806520467,1.04328985797949,1.56760420521429,2.14230586723669,2.28883936142892
"Kuwait","KW","2009",0.821050245409778,0.902620245487846,1.40542154519941,1.98271237362032,2.06759868680293
"Kuwait","KW","2010",0.670061486322154,0.761223598018259,1.17171374784686,1.67013629011108,1.78780876543856
"Kuwait","KW","2011",0.503757488780512,0.553242294509714,0.860933304112609,1.29005001692473,1.37448802130098
"Kuwait","KW","1999",1.07796894789399,1.22588206227834,1.77283556045742,2.42831572722609,2.5749775896574
"Kuwait","KW","2000",1.02749049921929,1.09405589070338,1.61445058403752,2.23820927846115,2.36060705966167
"Kuwait","KW","2001",0.970798226829848,1.05835796132153,1.57134467653337,2.13712563162509,2.21865381813916
"Kuwait","KW","2002",0.895003703182545,0.992101584701634,1.54095758595458,2.1402070824643,2.26617147131031
"Kuwait","KW","2003",0.929988503376809,1.01962390079506,1.53287358822351,2.09258408967071,2.20489239745741
"Kuwait","KW","2004",0.95811171388109,1.0354921042059,1.54749172513088,2.13176521907611,2.22979496252986
"Kuwait","KW","2005",0.968665529276507,1.08666314488586,1.62212422248833,2.21519642613257,2.30036169410089
"Kuwait","KW","2006",0.937639679415975,1.04934226890779,1.56407087539263,2.13471288405295,2.23710633379642
"Cayman Islands","KY","1998",-12.6395682597245,-11.6234266336271,-6.49139856755869,-3.32836448593401,-2.94908848121009
"Cayman Islands","KY","2007",-12.0860095493333,-11.5214638328466,-7.14546870805367,-3.60355420424017,-3.10649795238958
"Cayman Islands","KY","2008",-12.1337081728636,-11.6248836131274,-7.31671216906291,-3.59559061206727,-3.08341679339005
"Cayman Islands","KY","2009",-12.3006348117894,-11.6112573545716,-7.3496045297363,-3.46122643715751,-3.00665960946178
"Cayman Islands","KY","2010",-12.4061858907772,-11.6864924518367,-7.25322765137497,-3.42111384688622,-2.9857620738996
"Cayman Islands","KY","2011",-12.4407966733804,-11.8608689358772,-7.36525721137718,-3.43263941400964,-2.86470102957326
"Cayman Islands","KY","1999",-12.6727434571977,-11.7939590320144,-6.57435522818747,-3.4082457666357,-3.02276864433119
"Cayman Islands","KY","2000",-12.5673885812424,-11.8517958600178,-6.62474371783704,-3.45792312689468,-3.19090700118686
"Cayman Islands","KY","2001",-12.591802712818,-11.7171342518161,-6.75608871991172,-3.55873965322091,-3.34994450437939
"Cayman Islands","KY","2002",-12.4712304646967,-11.7454437026384,-6.78062235163361,-3.70941737528812,-3.48474041951489
"Cayman Islands","KY","2003",-12.3532543072426,-11.5821673006888,-6.72587258636543,-3.71594241470497,-3.42125215008595
"Cayman Islands","KY","2004",-12.0943501635459,-11.5033666650954,-6.7387016072186,-3.66207192222521,-3.44678499227673
"Cayman Islands","KY","2005",-12.0262526576107,-11.4814407700723,-6.83814230778436,-3.68877912841595,-3.38765470439244
"Cayman Islands","KY","2006",-12.0096424402404,-11.4656154937436,-6.99223370719351,-3.56155978427283,-3.17843665778229
"Liechtenstein","LI","1998",-11.384134795189,-10.9822692537637,-8.10810704424754,-4.95535245980004,-4.3631265436357
"Liechtenstein","LI","2007",-11.1594388407828,-10.7646193968868,-8.20110502643159,-6.03817381354482,-5.74977476302938
"Liechtenstein","LI","2008",-11.1142016532627,-10.7758623229735,-8.19782185835098,-6.09987771243461,-5.72987138413315
"Liechtenstein","LI","2009",-11.0710511096583,-10.8248987859887,-8.17678202538981,-6.07369809686475,-5.75307386443021
"Liechtenstein","LI","2010",-11.1881660537616,-10.8970258126808,-8.20302260412128,-5.96035944840772,-5.43140097655671
"Liechtenstein","LI","2011",-11.3267877699369,-10.9652486553629,-8.20130592642683,-5.67800211340449,-5.15019020007219
"Liechtenstein","LI","1999",-11.242821983232,-10.956537001083,-8.21856415728522,-5.13994729744832,-4.47284014075986
"Liechtenstein","LI","2000",-11.305850015725,-11.0000766653788,-8.2659864273946,-5.37380486228063,-4.57221484144549
"Liechtenstein","LI","2001",-11.2569699012248,-10.95394745283,-8.30647100662,-5.45683068409697,-4.77745586524128
"Liechtenstein","LI","2002",-11.2489250562635,-10.8866116725004,-8.36675534187064,-5.59119132435959,-5.16577759289125
"Liechtenstein","LI","2003",-11.2212154552841,-10.9802527256907,-8.33475594178569,-5.76371252382529,-5.30806339781141
"Liechtenstein","LI","2004",-11.2362965533281,-10.9517245620206,-8.30414100222348,-5.85162343941877,-5.50204054917372
"Liechtenstein","LI","2005",-11.2704168275001,-10.8592263594669,-8.30235572317186,-5.97597916190018,-5.61032758854418
"Liechtenstein","LI","2006",-11.102503189728,-10.7991064513301,-8.24364155939014,-6.0166100683131,-5.68145174170553
"Australia","AU","1998",2.61002041284002,2.90617051445987,4.10504147261262,5.37596960912479,5.58010200749874
"Australia","AU","2007",3.34504590654144,3.53318092547409,4.60506091615985,5.79259725472322,5.94576781400723
"Australia","AU","2008",3.14540846298387,3.36761538860562,4.44790522569289,5.63663989699932,5.89737144018379
"Australia","AU","2009",2.831864902322,3.06546755578586,4.13147227233207,5.37056130895558,5.58107850201176
"Australia","AU","2010",2.43666196971199,2.61367090748689,3.68092754389565,4.90661326658142,5.19406040546943
"Australia","AU","2011",1.86150294928564,2.02931519556117,3.23728718412984,4.58125968923625,4.93583168138905
"Australia","AU","1999",2.84669081142631,3.0758617009063,4.18907757452848,5.36884575515148,5.6051006599087
"Australia","AU","2000",3.18131079177507,3.3503100569677,4.39495293451632,5.44476626007209,5.64309697866248
"Australia","AU","2001",3.32730619818976,3.53721142897628,4.51248044462096,5.60980529029371,5.77980873648507
"Australia","AU","2002",3.44993114080315,3.60122154766868,4.59460316179008,5.68266453758997,5.91595569485496
"Australia","AU","2003",3.47355558487644,3.62834785829366,4.66983821350536,5.779225678021,5.99579223299513
"Australia","AU","2004",3.44320049677125,3.62031299045057,4.71008690067227,5.76394896242215,5.98899787481161
"Australia","AU","2005",3.47672531904382,3.6106395858495,4.7198458621499,5.86643492830135,6.05811986044028
"Australia","AU","2006",3.3958662684359,3.63423149968218,4.6892508800954,5.8578275126218,6.04503401391284
"Luxembourg","LU","1998",-0.8214569157579,-0.745113533600528,-0.242217743732236,0.169267422812408,0.233797106901787
"Luxembourg","LU","2007",0.697596250954081,0.765457952795008,1.23265294347529,1.71622605990682,1.81271256713636
"Luxembourg","LU","2008",0.750278940451889,0.831015582083104,1.32257908460991,1.831095993566,1.93863204166534
"Luxembourg","LU","2009",0.91328128090891,1.02495276704411,1.5589878119798,2.17949435775034,2.30853761960539
"Luxembourg","LU","2010",1.06483748757482,1.15871474080469,1.77052320121413,2.4211869074435,2.53672002878924
"Luxembourg","LU","2011",0.94481692646649,1.07111614389366,1.75034573589101,2.55750013014403,2.71830333257521
"Luxembourg","LU","1999",-0.220498830495432,-0.145256474751931,0.183487337190365,0.444832236724648,0.489384013744882
"Luxembourg","LU","2000",0.532132991989972,0.578942416884973,0.895298224500991,1.31832906717282,1.40370175982297
"Luxembourg","LU","2001",0.624730315474526,0.684151111801567,1.09810565966368,1.56663175451865,1.65950393374525
"Luxembourg","LU","2002",0.687352062919664,0.759216694599417,1.21712718335905,1.72126106562029,1.82456954590567
"Luxembourg","LU","2003",0.796296338292367,0.89589528512637,1.37105281575462,1.89768095024892,1.99865271361828
"Luxembourg","LU","2004",0.838510434672156,0.916528909848132,1.46304472769762,1.99509742330422,2.0851130056243
"Luxembourg","LU","2005",0.715010716064766,0.800486302119154,1.27952255618663,1.81454976500657,1.93218778859934
"Luxembourg","LU","2006",0.703396522159147,0.766790506364628,1.23376945683522,1.74080135065163,1.81720018447746
"Monaco","MC","1998",-11.0345582715994,-10.6537765064401,-7.94346626865042,-4.31720086663086,-3.90466837303684
"Monaco","MC","2007",-11.1985427646907,-10.8527523336399,-8.24736171787277,-4.27946864696702,-3.7312693764882
"Monaco","MC","2008",-11.1964830756943,-10.9668100496613,-8.26451090407158,-4.20497426712373,-3.73997572894916
"Monaco","MC","2009",-11.3537424053351,-11.1008971539871,-8.32773030055647,-4.16184245017724,-3.7738321919372
"Monaco","MC","2010",-11.4519352552606,-11.1514489238385,-8.33690782908177,-4.16635528846897,-3.7625246042381
"Monaco","MC","2011",-11.6815674329299,-11.1789131041643,-8.29927803178285,-4.09182025517724,-3.65791908767037
"Monaco","MC","1999",-10.9947005256391,-10.6569096310474,-8.00488676065839,-4.49767021293043,-4.22820759539271
"Monaco","MC","2000",-11.0204545286986,-10.6345877278375,-8.05209744253537,-4.57686349814408,-4.32545632926401
"Monaco","MC","2001",-11.1477442817666,-10.7117661165945,-8.12237001791294,-4.61602046152147,-4.37429128685607
"Monaco","MC","2002",-11.0740036643381,-10.7458164504136,-8.13659531637335,-4.67746906292784,-4.25443789148427
"Monaco","MC","2003",-11.1286411325101,-10.8586809091713,-8.16229956129667,-4.66639877684345,-4.23614478849768
"Monaco","MC","2004",-11.0083308192892,-10.7759602786343,-8.24043206113563,-4.4361216636211,-4.17510286396264
"Monaco","MC","2005",-11.0196768719427,-10.7393779889051,-8.27640675926901,-4.39135501668589,-4.02473974202095
"Monaco","MC","2006",-11.0852526283873,-10.7622150077404,-8.20851240038462,-4.36015551439282,-3.79268287141546
"Macao SAR, China","MO","1998",0.529013050337482,0.572434239445222,0.875976453297831,1.29958375093587,1.41826327106704
"Macao SAR, China","MO","2007",0.444550480891061,0.478354643426652,0.703251196433825,0.971600393309687,1.02886140087597
"Macao SAR, China","MO","2008",0.445728759620652,0.479605990669092,0.698837784455315,0.965811378393632,1.0260115008576
"Macao SAR, China","MO","2009",0.437723055938291,0.469701247629818,0.702053103600299,0.983926663191297,1.04225867572658
"Macao SAR, China","MO","2010",0.438675035618199,0.471513332228622,0.706339810683583,0.97549538114576,1.05497306367175
"Macao SAR, China","MO","2011",0.45202361434703,0.482391350604629,0.709340357586433,0.987138690109432,1.03881144535947
"Macao SAR, China","MO","1999",0.476730763815544,0.51757533974471,0.779567415761596,1.12320044532636,1.16971145359438
"Macao SAR, China","MO","2000",0.4695629130324,0.506945573428976,0.757811883599873,1.05797273773257,1.13216437203139
"Macao SAR, China","MO","2001",0.444791475223953,0.482629805935677,0.708345446961381,0.968798187587324,1.01522789313109
"Macao SAR, China","MO","2002",0.438536649889609,0.477829581901721,0.712638326688325,0.978957615425564,1.04528466720438
"Macao SAR, China","MO","2003",0.450104536337621,0.485668405766369,0.698383358470416,0.991778741578152,1.0476600280924
"Macao SAR, China","MO","2004",0.431573653758245,0.469862005780622,0.704808656893928,0.998514448019645,1.05450451392884
"Macao SAR, China","MO","2005",0.432207056301978,0.461169165323247,0.716430715594554,0.985137892126471,1.03839703956549
"Macao SAR, China","MO","2006",0.441177733348671,0.471593869790942,0.700857411018213,0.962534326752403,1.04621463543615
"Malta","MT","1998",0.556031976836442,0.613738485571508,0.980958266813518,1.53649071473726,1.62124044279187
"Malta","MT","2007",1.03727676643962,1.16955180903963,1.74285143933115,2.33346949837487,2.43439512366986
"Malta","MT","2008",1.10426938393968,1.20274350646003,1.76246199001406,2.37551502600931,2.48059628429048
"Malta","MT","2009",1.13929099926348,1.23435478068833,1.81346850092147,2.43521963824804,2.58009532594143
"Malta","MT","2010",1.14334642103744,1.26117199297711,1.88463222580167,2.55038380266707,2.66540458094087
"Malta","MT","2011",1.13555984257696,1.25356909323313,1.98859733510196,2.8169172890459,2.97123423801435
"Malta","MT","1999",0.669255919826792,0.744629754042942,1.15134134803313,1.67635756383389,1.7807606100632
"Malta","MT","2000",0.554780797686337,0.608483022495558,0.951842697495933,1.40905029946933,1.50464808247815
"Malta","MT","2001",0.535524615610288,0.582423589925191,0.92023585353694,1.34134105953002,1.43264573524783
"Malta","MT","2002",0.53717906787644,0.591482540360119,0.92661423959319,1.33663019925482,1.42473539117627
"Malta","MT","2003",0.595359084149107,0.645876278462694,1.0100747450132,1.48504534645176,1.57345949375699
"Malta","MT","2004",0.794033984514845,0.891395795585271,1.35839596959703,1.89889444900416,2.02349225361158
"Malta","MT","2005",0.943052388094567,1.03606638825767,1.53083965159069,2.10030835032993,2.21538957108989
"Malta","MT","2006",1.03990888937662,1.13835085242717,1.69621770562736,2.28266491581807,2.41543366221169
"New Caledonia","NC","1998",-11.8668825901694,-11.3649318391664,-7.33952611222693,-3.45978975196404,-3.19983948744108
"New Caledonia","NC","2007",-12.2775135967795,-11.924568154121,-8.19304770393989,-4.05101474653968,-3.71478956413427
"New Caledonia","NC","2008",-12.2062664797211,-11.9774460919205,-8.25186898745767,-4.00586700503165,-3.71429065424327
"New Caledonia","NC","2009",-12.2282546659644,-11.9279692254089,-8.30169503926,-3.96394062463536,-3.61819332894704
"New Caledonia","NC","2010",-12.304897875728,-11.9778292439438,-8.33716468373631,-3.79149552250909,-3.40199024001152
"New Caledonia","NC","2011",-12.4550544712085,-12.0898899082519,-8.39101716461811,-3.78130926071126,-3.36416989857969
"New Caledonia","NC","1999",-11.8342701814649,-11.5026653661558,-7.36199467003057,-3.62939714990589,-3.33478681962137
"New Caledonia","NC","2000",-11.8878779760313,-11.5360501253524,-7.43744133501469,-3.7625327085067,-3.43681142424621
"New Caledonia","NC","2001",-11.8568156194478,-11.5681127306954,-7.54942603504157,-3.88572509228189,-3.58366758810991
"New Caledonia","NC","2002",-11.9002251666373,-11.5882195308505,-7.64270789260154,-3.95736723874756,-3.59285146120384
"New Caledonia","NC","2003",-11.8799624104519,-11.6333933173674,-7.70508578654103,-4.03412160509076,-3.60240065652599
"New Caledonia","NC","2004",-12.0240419566969,-11.747420203571,-7.85868562702309,-4.00047908371149,-3.64310442746219
"New Caledonia","NC","2005",-12.2659705492675,-11.9609698651227,-8.08031857858359,-4.03953530521649,-3.57066442530546
"New Caledonia","NC","2006",-12.2930945053528,-12.0217459064383,-8.19403165738971,-4.05146432004143,-3.6626238220094
"Netherlands","NL","1998",-0.484157881325216,-0.396421617047072,0.00563329010139307,0.374847310260675,0.421197055747787
"Netherlands","NL","2007",1.68820863622627,1.85826937893949,2.65391160666921,3.44789181038197,3.60618374050397
"Netherlands","NL","2008",1.86968375343451,2.02465059490764,2.79720895245277,3.59749198903108,3.74351901977301
"Netherlands","NL","2009",1.92355576733404,2.02289512938034,2.77946843584859,3.64055079350203,3.79971091310763
"Netherlands","NL","2010",1.80465587567783,1.94798049318935,2.70635622504433,3.59651313228828,3.77228279132254
"Netherlands","NL","2011",1.50658688477501,1.67477986307203,2.57040226654075,3.60043561456174,3.80540494069665
"Netherlands","NL","1999",0.128863348102076,0.171967424528405,0.390034592088577,0.556312174200473,0.574536719513559
"Netherlands","NL","2000",1.260128200767,1.35708270154313,1.97916459783193,2.71806088405019,2.90548453640394
"Netherlands","NL","2001",1.90390128543964,2.03761280882337,2.7610203759778,3.72993790785346,3.97227773009303
"Netherlands","NL","2002",2.26711646472861,2.38940618097459,3.16612679154471,4.17346497163695,4.44464659971303
"Netherlands","NL","2003",2.34926558093308,2.50620421130782,3.34401668731165,4.26380145153037,4.4720600905285
"Netherlands","NL","2004",2.29661311882002,2.47110642061561,3.26907652241253,4.16127668944609,4.38677039587344
"Netherlands","NL","2005",2.07385852184141,2.21279399950267,2.94603132468828,3.82376235181304,4.00105091360257
"Netherlands","NL","2006",1.80023261882235,1.94754321303862,2.69618137813329,3.53424132469223,3.68868393546019
"Norway","NO","1998",1.87201047499617,2.00868562781577,2.97809684898655,4.12836007309884,4.37780534365838
"Norway","NO","2007",-0.167853656276081,-0.115925634973832,0.221105787947916,0.467213224530159,0.505996240404465
"Norway","NO","2008",-0.466156734844403,-0.38469081551391,0.0126317539241987,0.347408280197463,0.410735305710851
"Norway","NO","2009",-0.508965778672487,-0.439472025406175,-0.0345743181856539,0.325976971497784,0.375667964911507
"Norway","NO","2010",-0.668539853753705,-0.563434041731835,-0.127395552616057,0.252434198940699,0.324319300253279
"Norway","NO","2011",-0.794850747089463,-0.6645681405527,-0.204813368479867,0.210800680663509,0.278779370763448
"Norway","NO","1999",2.15164128937458,2.31493937768763,3.16331252160664,4.22637166101736,4.47968861609391
"Norway","NO","2000",2.67150249927218,2.8105540997407,3.66488632614655,4.80938383498542,5.02244577105133
"Norway","NO","2001",2.87866916557734,3.05951774296208,3.96654613819936,5.13621859707082,5.41887230532533
"Norway","NO","2002",2.91454420009989,3.12680181803583,4.07976953555674,5.27390583949229,5.46309798073653
"Norway","NO","2003",2.80351362094203,3.02404926654663,3.97902679885863,5.149592537609,5.38614646016693
"Norway","NO","2004",2.58160748006793,2.72522523570018,3.6274582328544,4.73993290731493,4.96772133628719
"Norway","NO","2005",2.12547128775686,2.23351550537153,3.05152028681001,4.08480295402379,4.30074012647697
"Norway","NO","2006",1.30641295811302,1.41669892432701,2.05839194896019,2.86549579813237,3.03146049456396
"New Zealand","NZ","1998",0.518686091813538,0.569363019266549,0.897075296767835,1.37118993907692,1.4943410004446
"New Zealand","NZ","2007",0.628088343435793,0.688186133694175,1.08627762177213,1.54812201872142,1.64220974253011
"New Zealand","NZ","2008",0.615447388765996,0.68155767057712,1.06550445500898,1.5806444984498,1.68286963997864
"New Zealand","NZ","2009",0.571090977367542,0.628764100913611,1.01295520909397,1.51817781455041,1.60579761030357
"New Zealand","NZ","2010",0.481535785798703,0.526017633115406,0.795922297096459,1.14040696260083,1.22054238027914
"New Zealand","NZ","2011",-0.884728490769598,-0.787588235787986,-0.267433045145851,0.163929168258901,0.231267178369483
"New Zealand","NZ","1999",0.533784930328568,0.582082242105045,0.911779125217127,1.34761215696971,1.44624046529947
"New Zealand","NZ","2000",0.554301517602345,0.617132935339216,0.98793815284201,1.50764677212125,1.59328906795491
"New Zealand","NZ","2001",0.585880177358276,0.657696907193386,1.05838002258386,1.55035668688268,1.62568740055416
"New Zealand","NZ","2002",0.617932208793041,0.684973641951128,1.07181912078837,1.53707646818302,1.61630166431031
"New Zealand","NZ","2003",0.567647742470835,0.674710574752565,1.0951429805623,1.57059961772646,1.68344214767129
"New Zealand","NZ","2004",0.616341611702721,0.67279799830468,1.08612410468823,1.55871397082492,1.64065886662475
"New Zealand","NZ","2005",0.612613879137781,0.681617972934308,1.07744065028091,1.54280349277206,1.6324349406934
"New Zealand","NZ","2006",0.635694323751126,0.691729052366889,1.08678371406614,1.5840404416407,1.6576838256794
"Oman","OM","1998",-0.158682221001502,-0.104877655406456,0.219416861124518,0.464366252692415,0.501522313802036
"Oman","OM","2007",1.55470102501099,1.67934950007204,2.27762855238577,2.99147931098537,3.12098849800882
"Oman","OM","2008",1.55798452241604,1.6719979018083,2.34424368402857,3.03009672925882,3.14123874279685
"Oman","OM","2009",1.59606666414501,1.73071608365017,2.39335194002205,3.11394628932366,3.23980720605193
"Oman","OM","2010",1.41586473757227,1.52228325389104,2.23070463665481,2.95722480053426,3.11123404130886
"Oman","OM","2011",1.1211210936792,1.25258966369298,2.00024387111764,2.85075833101337,3.02066179749673
"Oman","OM","1999",-0.0690098910409374,-0.0104081633902902,0.270907967526316,0.484864721057449,0.512805130028765
"Oman","OM","2000",-0.228435090332228,-0.156187557695473,0.183467905616569,0.445862908130678,0.475265823451769
"Oman","OM","2001",0.056939752621193,0.115447929011627,0.341186839444644,0.530732289404518,0.554404560848488
"Oman","OM","2002",0.689568445234911,0.777281077235271,1.2352364468481,1.76243508123247,1.84994048357477
"Oman","OM","2003",1.01282472382266,1.09302775005315,1.64730083882377,2.23705224842771,2.34749255020168
"Oman","OM","2004",1.24141896022909,1.33088530857562,1.94646254179666,2.57581022638752,2.72929852932664
"Oman","OM","2005",1.41948927690517,1.53583907357434,2.0911494650193,2.75359971333681,2.86676039693907
"Oman","OM","2006",1.49615514349606,1.61021054736528,2.22171110970935,2.88668707739721,2.99036852491721
"French Polynesia","PF","1998",-10.0393697362762,-9.5520843383726,-7.32073329985575,-5.03928232575788,-4.47261941664943
"French Polynesia","PF","2007",-10.5744251240821,-10.1698686351071,-8.25223396480104,-5.62797658331836,-5.28079982469612
"French Polynesia","PF","2008",-10.6600021049123,-10.3714108454565,-8.29251633999675,-5.63074291208673,-5.2530615304902
"French Polynesia","PF","2009",-10.9548297535938,-10.6356512350877,-8.26734420609076,-5.47620044638694,-5.17917033847417
"French Polynesia","PF","2010",-11.1155341901854,-10.7834851639529,-8.23032576921391,-5.49079635036982,-5.07268997721767
"French Polynesia","PF","2011",-11.3775405700547,-10.9782595001377,-8.26880119378446,-5.38903797387105,-5.03982270905554
"French Polynesia","PF","1999",-9.97048542857317,-9.51046477546997,-7.44314543572755,-5.16725661651472,-4.65251614315833
"French Polynesia","PF","2000",-10.0085430540002,-9.43669958663514,-7.54186957261781,-5.33550516653578,-4.74646882105697
"French Polynesia","PF","2001",-10.1662792205625,-9.52673428756082,-7.68454277518572,-5.43258607338373,-4.91900592238508
"French Polynesia","PF","2002",-10.2348125581931,-9.64281178998646,-7.79085226186551,-5.46594247334479,-4.9674478697356
"French Polynesia","PF","2003",-10.2388191721573,-9.70896776158606,-7.91141274859985,-5.44640395614622,-5.04832056040529
"French Polynesia","PF","2004",-10.2869045565761,-9.78256180946751,-7.96072198695763,-5.4817872075429,-5.14102169416168
"French Polynesia","PF","2005",-10.2889038508491,-9.9376505227418,-8.09693562238416,-5.5804841267629,-5.20640454241673
"French Polynesia","PF","2006",-10.4138573353558,-10.0650782891109,-8.22151138043092,-5.62445939644521,-5.31765170016628
"Aruba","AW","1998",0.481084448524337,0.529252798660229,0.793467829704863,1.14334819273785,1.22828273892247
"Aruba","AW","2007",0.47872297095696,0.520316650235763,0.771384243461797,1.10460704161448,1.19525962061731
"Aruba","AW","2008",0.479982800997031,0.520874378428036,0.764767758626365,1.09811046761795,1.14616701967118
"Aruba","AW","2009",0.46977082960304,0.515570518852606,0.760190545316369,1.06404534303272,1.15989892444281
"Aruba","AW","2010",0.442966220081075,0.474017024629744,0.701565838619031,0.969367942833842,1.02853936067965
"Aruba","AW","2011",-0.322139466087985,-0.254477392913256,0.113831714288068,0.403338856028147,0.441350710846957
"Aruba","AW","1999",0.478404444855536,0.515257321756201,0.769288911802891,1.1133224423772,1.19903706102508
"Aruba","AW","2000",0.478988331020225,0.519371765191439,0.769695452641323,1.11490603407342,1.17761834750859
"Aruba","AW","2001",0.489242843713856,0.524739741119654,0.774634524755068,1.07861183230185,1.15599999682782
"Aruba","AW","2002",0.463625474080465,0.504089677716198,0.774251921045765,1.11696007714774,1.21046645421289
"Aruba","AW","2003",0.467221685311861,0.519433578358782,0.775522447530835,1.09644874183659,1.17672619440462
"Aruba","AW","2004",0.480505588720854,0.517840938836031,0.762079650663583,1.08885221146991,1.1484274896543
"Aruba","AW","2005",0.461711455270311,0.501973894145044,0.776070981948849,1.09866347789443,1.17142514830925
"Aruba","AW","2006",0.469462414724166,0.507958480222015,0.775567497282722,1.12493363883767,1.19341937021642
"Poland","PL","1998",1.81308215302507,1.95442981282669,2.80038025741389,3.93386676819276,4.15587281528567
"Poland","PL","2007",1.91327893554164,2.05013094804498,2.76802378709552,3.65434699872165,3.81920770788603
"Poland","PL","2008",1.25755487516637,1.34573920346301,1.96263170858403,2.62068277505623,2.735452581025
"Poland","PL","2009",0.233564590951544,0.262753907860558,0.462529639903127,0.598791717708754,0.613653826922201
"Poland","PL","2010",0.215808414320854,0.247644163235045,0.438516411790747,0.578683273783495,0.596260374663
"Poland","PL","2011",0.205521546988543,0.23567405327093,0.437352525236106,0.586636711243939,0.60313718934662
"Poland","PL","1999",2.00700989659275,2.12643560799757,2.94062868789465,3.97648985517412,4.19570245743129
"Poland","PL","2000",2.25974145849275,2.41109932353574,3.21584955730393,4.14578520701445,4.39100112840152
"Poland","PL","2001",2.24478935715392,2.40537552994001,3.20866781980554,4.1747126523706,4.38380666713344
"Poland","PL","2002",2.57483223471844,2.71189395860609,3.58538563990664,4.48545145805999,4.67198710680301
"Poland","PL","2003",2.76857001749063,2.92702254552438,3.75271748503362,4.62714002408068,4.84731600901429
"Poland","PL","2004",2.83474483094982,2.9759932862167,3.79500617748308,4.76815399741356,4.97699034230116
"Poland","PL","2005",2.633582369164,2.80854746640795,3.63733380851184,4.71104986961746,4.94451180797258
"Poland","PL","2006",2.3627331557291,2.51299043335508,3.31425583460919,4.25887231364532,4.45727525950087
"Portugal","PT","1998",1.15884948446678,1.28381149487523,2.10280047205051,3.00515064896194,3.19515727498246
"Portugal","PT","2007",2.48301525837425,2.63580291321182,3.47214590116539,4.47221840608878,4.6476682372817
"Portugal","PT","2008",2.49627351152307,2.65449041723903,3.54007017871971,4.53593104484266,4.69865396114028
"Portugal","PT","2009",2.52516232774495,2.66222959332935,3.57029793261678,4.63473679926491,4.80083572279081
"Portugal","PT","2010",2.35760294930405,2.53708945326991,3.49875277815821,4.56353319141122,4.78004933371126
"Portugal","PT","2011",2.12498476938635,2.31717021968864,3.40740324818891,4.54214302361594,4.76999074289441
"Portugal","PT","1999",1.4789847745466,1.62014161219513,2.37827381967426,3.22066082288016,3.37689956256875
"Portugal","PT","2000",1.97783811822399,2.11172746896712,2.89115203276083,3.73189210523675,3.87596166136878
"Portugal","PT","2001",2.22003696338608,2.35755508570499,3.22028671116579,4.09080216034013,4.21977347718668
"Portugal","PT","2002",2.37679340487951,2.50041429280097,3.42556296768771,4.26694411739514,4.4129322485168
"Portugal","PT","2003",2.5173773403521,2.6616900404051,3.520259084394,4.43273770617506,4.59085610708462
"Portugal","PT","2004",2.46989016897818,2.63926316653848,3.5661161091328,4.47672396788774,4.60870359729088
"Portugal","PT","2005",2.42533639348731,2.56374580097609,3.49421703892105,4.38103043419534,4.55148638360367
"Portugal","PT","2006",2.2957999597968,2.45122554329241,3.32030185368647,4.29162042302984,4.41734901154387
"Qatar","QA","1998",-0.3350494859724,-0.243108579751899,0.145724502586743,0.415959530394623,0.452916222927818
"Qatar","QA","2007",0.559335375298399,0.627708316197277,0.959978702350252,1.3960923825224,1.49603929483649
"Qatar","QA","2008",0.594861019727065,0.641520264263363,0.994971942507965,1.40744038704625,1.47942760770823
"Qatar","QA","2009",0.605685744135851,0.672579539692423,1.02055100391229,1.51580464324114,1.56813936331002
"Qatar","QA","2010",0.572050426500174,0.629205808730555,0.968627401055091,1.4181965773163,1.50917871213828
"Qatar","QA","2011",0.513023056489451,0.568128573910944,0.919401759885936,1.43120741746931,1.54205071682311
"Qatar","QA","1999",-0.27497756026168,-0.20970446996652,0.124318846560234,0.410539051983064,0.450851362745144
"Qatar","QA","2000",-0.287442734327768,-0.217554604236199,0.127889154453775,0.408456731604076,0.457105290289364
"Qatar","QA","2001",-0.271274639625852,-0.19761648500125,0.13095141449537,0.428332072669204,0.463434032529082
"Qatar","QA","2002",-0.13694933274446,-0.0802013811788107,0.217908557605965,0.463650214887088,0.492170281487792
"Qatar","QA","2003",0.480594822823848,0.52561302909611,0.772033389170707,1.06941393988482,1.14397837829534
"Qatar","QA","2004",0.542043753808162,0.592560304274771,0.909189468425603,1.32355438780824,1.39686188316048
"Qatar","QA","2005",0.549957720385166,0.60455974683866,0.962335036495816,1.40939094950674,1.48339054379553
"Qatar","QA","2006",0.56218841486008,0.614182846073957,0.969165749866201,1.41683737262675,1.50246440825063
"Saudi Arabia","SA","1998",0.606512540958111,0.67887846068726,1.13615001386372,1.68037647211586,1.78298838686944
"Saudi Arabia","SA","2007",0.793061600178233,0.888510806420254,1.42010223210942,1.97349902699462,2.10524084786053
"Saudi Arabia","SA","2008",0.833502576464499,0.904348672533684,1.40237992011911,1.95815266915157,2.07055362963621
"Saudi Arabia","SA","2009",0.784584585061433,0.892727703988608,1.37351684989065,1.91080761447955,2.00905619630822
"Saudi Arabia","SA","2010",0.716993753439592,0.806573469720806,1.26406702374788,1.79003610381579,1.87302401879588
"Saudi Arabia","SA","2011",0.590275262137761,0.653721144693338,1.0578012731849,1.57753914524551,1.68850204386943
"Saudi Arabia","SA","1999",0.695530706606262,0.78345127002329,1.20682581796748,1.72598680974236,1.82287271394881
"Saudi Arabia","SA","2000",0.81246117112828,0.873662486695332,1.33234237399411,1.84339990840533,1.95320322212089
"Saudi Arabia","SA","2001",0.791194629432773,0.888784043748499,1.39327694504101,1.91491936045618,2.03104202707525
"Saudi Arabia","SA","2002",0.771129518558291,0.838276272262361,1.39110449870947,1.94025286490443,2.04326030634219
"Saudi Arabia","SA","2003",0.829460225993157,0.903199762360062,1.40249949072855,1.99282480140266,2.11440374254841
"Saudi Arabia","SA","2004",0.818177155277374,0.895840786171716,1.4104982140852,1.93234184401727,2.05792111704104
"Saudi Arabia","SA","2005",0.821915700800624,0.903049175006795,1.42548762466378,1.97605150894007,2.09199765213312
"Saudi Arabia","SA","2006",0.81823040394872,0.895848252261384,1.4132751889396,1.98066811979034,2.10111173101833
"Sweden","SE","1998",0.42914489051974,0.467733420114467,0.711288570095927,1.04696504128918,1.13671359578788
"Sweden","SE","2007",0.99011139369119,1.07880409982949,1.63556071163278,2.2404660371026,2.34798225580967
"Sweden","SE","2008",0.763736761339161,0.824675096416605,1.27745777384233,1.75367725832316,1.8502122668875
"Sweden","SE","2009",0.2260130977798,0.253481498417883,0.456066734964944,0.594123985702699,0.612585171115569
"Sweden","SE","2010",0.189888844770269,0.215539955186531,0.415210732970177,0.560999426719769,0.579727620154229
"Sweden","SE","2011",0.137485489029859,0.186971803814243,0.400092671470889,0.555184477663826,0.576113985833987
"Sweden","SE","1999",0.435227624213075,0.46687892589437,0.694848333707236,0.97419636817693,1.03643503105528
"Sweden","SE","2000",0.374780847663342,0.408403288682341,0.617027604339,0.805539675868323,0.852911578327411
"Sweden","SE","2001",0.413061211703327,0.441643840942735,0.662892738356242,0.93532164300865,1.00289487534494
"Sweden","SE","2002",0.859135713691023,0.928359378046042,1.43169906492206,1.97509080969187,2.08064928589788
"Sweden","SE","2003",1.04436924436275,1.14400395872195,1.74547945135895,2.35951636165233,2.49299312251651
"Sweden","SE","2004",1.15487697194136,1.27561433266371,1.87701908750427,2.56277210943975,2.65430326106255
"Sweden","SE","2005",1.17365559397484,1.2892460239512,1.89008591121857,2.57743479253008,2.73415286290496
"Sweden","SE","2006",1.11846733680131,1.24319009439562,1.79377229611949,2.43035623346008,2.55318657864769
"Singapore","SG","1998",0.744731659663655,0.807005142047139,1.3646773718262,2.02996306681446,2.1727238111451
"Singapore","SG","2007",2.43436512746264,2.6165872449157,3.56646902522981,4.56644846643263,4.85494875727173
"Singapore","SG","2008",2.27785985443868,2.44948853609796,3.36514691500786,4.30837200693428,4.57548540846584
"Singapore","SG","2009",2.14579306766139,2.27990443168577,3.19104232870369,4.20814619974842,4.4319166844895
"Singapore","SG","2010",1.94562362788246,2.08459573143795,2.97076524994072,4.03549788769701,4.2959755059074
"Singapore","SG","2011",1.59335024821167,1.7550243868001,2.70400137515286,3.82061420453148,4.02777642266752
"Singapore","SG","1999",1.0028342063961,1.1048484935799,1.66731925343263,2.3311611900025,2.49264242122368
"Singapore","SG","2000",1.35273403224253,1.47677456265957,2.12023178214559,2.81291947707127,2.96461461348783
"Singapore","SG","2001",1.8161299795875,1.96542819980174,2.70398927036466,3.44618910163822,3.63085918229617
"Singapore","SG","2002",2.19346336697797,2.33322103849659,3.1344266159905,3.93414862347962,4.12073473648273
"Singapore","SG","2003",2.53946001176058,2.65475446594042,3.57832704402172,4.53618644573968,4.71749991556934
"Singapore","SG","2004",2.75876988444266,2.90366931057543,3.8141486600827,4.80350246563872,4.9888625123613
"Singapore","SG","2005",2.86714696903692,2.99879942366926,3.89409227726183,4.94292866130637,5.14759559788382
"Singapore","SG","2006",2.72622338122278,2.86972361962101,3.80361879071558,4.79208305662009,4.98872587201389
"Slovenia","SI","1998",0.732682812875257,0.800789886528717,1.36044906193011,2.02085028019246,2.13563373732471
"Slovenia","SI","2007",1.89586597433993,1.98791556498426,2.70928762625701,3.5066679238962,3.62734809697601
"Slovenia","SI","2008",2.22869527604681,2.37440629659784,3.11423450115712,3.93134497835003,4.09767919871285
"Slovenia","SI","2009",2.41012955119676,2.55903640565319,3.3117349978331,4.23494305029419,4.39251453250494
"Slovenia","SI","2010",2.36931930722102,2.48703280088983,3.31941811289127,4.28163836867176,4.51120354811783
"Slovenia","SI","2011",2.03931913250584,2.17210121912623,3.16226131477127,4.29810193447317,4.5258431827449
"Slovenia","SI","1999",0.851057309868448,0.935364311503974,1.46066781698994,2.03717361407092,2.14341813287773
"Slovenia","SI","2000",0.943290784033828,1.03412897513387,1.56651686637662,2.13248638595956,2.21886808313749
"Slovenia","SI","2001",0.884650731004148,0.966676063462577,1.50552226737695,2.10914909804598,2.20990555750965
"Slovenia","SI","2002",1.37493909567126,1.5113002536067,2.1311636702125,2.75946604819213,2.91349919039675
"Slovenia","SI","2003",1.68440126902038,1.82471500150297,2.42394133747991,3.11379173643396,3.24369142143064
"Slovenia","SI","2004",1.78967749759273,1.90313116840429,2.5621328063117,3.30641332687659,3.40002252522346
"Slovenia","SI","2005",1.79434071860121,1.92492992608604,2.57483600695347,3.30497542579498,3.4718491498175
"Slovenia","SI","2006",1.70792323510007,1.82644855391899,2.49065502810344,3.24474658349379,3.40577068344553
"Slovak Republic","SK","1998",0.580772782167588,0.643461531763586,1.02561719998606,1.59135494538484,1.70981681919053
"Slovak Republic","SK","2007",0.878359851601137,0.977732343931421,1.49520246350947,2.1510114422442,2.30297384359705
"Slovak Republic","SK","2008",0.834311893845711,0.917121292126689,1.4166881717176,2.05480320057359,2.18575619556119
"Slovak Republic","SK","2009",0.667433939042317,0.744172100060479,1.2629508041918,1.94607367167934,2.10276343792443
"Slovak Republic","SK","2010",0.75295671347779,0.832171604572442,1.34309770465849,2.01184555053858,2.17987300353693
"Slovak Republic","SK","2011",0.722421442470598,0.795922365311289,1.3738223228253,2.09677108471872,2.26720380445189
"Slovak Republic","SK","1999",0.625341858992198,0.692790158365017,1.08513167516187,1.59657218966292,1.68879184306798
"Slovak Republic","SK","2000",0.643457060121929,0.697020136952848,1.12973539448191,1.68127725882123,1.8046741341604
"Slovak Republic","SK","2001",0.702617913745487,0.792985338050917,1.25917680937942,1.81108558107513,1.96118335290529
"Slovak Republic","SK","2002",0.736359250245612,0.840081547655546,1.34614595105674,1.95943711967827,2.07181039252222
"Slovak Republic","SK","2003",0.912398022777926,0.996910537896154,1.51844588213674,2.14385704151563,2.28348017921685
"Slovak Republic","SK","2004",0.901202435758597,0.994800212923721,1.56531920642699,2.19189292165664,2.33128390486058
"Slovak Republic","SK","2005",0.946027898651316,1.0398225669526,1.61703764764977,2.25226456159762,2.37641173093514
"Slovak Republic","SK","2006",0.886146812264552,0.973481714370165,1.56231176633307,2.14044370875534,2.26891373686314
"San Marino","SM","1998",-2.7213891239897,-2.45695738142688,-1.31611468458091,-0.477987395828129,-0.325895491848751
"San Marino","SM","2007",-7.32605293999188,-6.57972587177884,-4.43980317231274,-2.65471650155376,-2.4236607205208
"San Marino","SM","2008",-7.54568498739707,-6.92133433442048,-4.54108559177051,-2.77016574092892,-2.55865094288786
"San Marino","SM","2009",-7.8460015517049,-7.12954482718783,-4.54357000765046,-2.77865102546947,-2.55592070400066
"San Marino","SM","2010",-8.02580749724944,-7.32239650859607,-4.59992806372123,-2.70324549419558,-2.42285343517579
"San Marino","SM","2011",-8.24226011480695,-7.48612483183507,-4.61279416455646,-2.57452949200049,-2.33099662345755
"San Marino","SM","1999",-3.48961092015363,-3.23727634401123,-2.09972238222633,-1.0892176229769,-0.889139954166831
"San Marino","SM","2000",-4.18695774701532,-3.89436621324494,-2.58942287535734,-1.47450660064572,-1.28320339763198
"San Marino","SM","2001",-4.58325550957228,-4.33328797295788,-3.03344989866251,-1.80442163816911,-1.59063824093113
"San Marino","SM","2002",-5.12860894675082,-4.84862431813637,-3.33187123929896,-2.03946908708293,-1.80464558465551
"San Marino","SM","2003",-5.62224206210068,-5.36319923157269,-3.64340181520157,-2.20945650743642,-1.90924093014817
"San Marino","SM","2004",-6.07438196768109,-5.74395953384323,-3.92831691083157,-2.31606877980784,-2.11079143287914
"San Marino","SM","2005",-6.51036987833711,-6.03671309734487,-4.110623995962,-2.47566210219661,-2.27357623128032
"San Marino","SM","2006",-6.82347704484693,-6.38742420356887,-4.29230271129358,-2.62991549184312,-2.39413041480509
"Trinidad and Tobago","TT","1998",0.557355538973254,0.603220141155394,0.945525537305219,1.41253465258621,1.50697814478856
"Trinidad and Tobago","TT","2007",0.547037127175475,0.611550687869161,0.952567053409824,1.40733968442902,1.50448621755857
"Trinidad and Tobago","TT","2008",0.538853483004606,0.596946621467921,0.926169487990752,1.34113273275636,1.4154503576871
"Trinidad and Tobago","TT","2009",0.549172551778701,0.602192607648541,0.926647219071421,1.34097198411618,1.41425630979637
"Trinidad and Tobago","TT","2010",0.472804279136805,0.519475259005677,0.76935787371938,1.09821409975489,1.16810373733625
"Trinidad and Tobago","TT","2011",0.464468114992089,0.495738357585135,0.735088362548316,1.05506335195732,1.12154138439778
"Trinidad and Tobago","TT","1999",0.574426507608384,0.622598365778371,0.952702209908684,1.37859656689651,1.45721082278379
"Trinidad and Tobago","TT","2000",0.57980139793878,0.641784993052959,1.00763971996223,1.44032762769208,1.52922311378283
"Trinidad and Tobago","TT","2001",0.619523180037185,0.684800376128148,1.06331758555742,1.50757440162683,1.60715627063697
"Trinidad and Tobago","TT","2002",0.621028626007631,0.681653917927526,1.0780337991588,1.57034995168118,1.65636740131915
"Trinidad and Tobago","TT","2003",0.621305582556503,0.682078850952183,1.07884116611885,1.57596772427304,1.64294913033603
"Trinidad and Tobago","TT","2004",0.588880509184942,0.637802041147709,1.00402423136753,1.44539566732196,1.54061382635078
"Trinidad and Tobago","TT","2005",0.528504579847814,0.574002772419549,0.928030382467371,1.37104413251837,1.4563463690486
"Trinidad and Tobago","TT","2006",0.526126169727373,0.581535660687977,0.923774213623984,1.3573535488121,1.45364423958463
"Barbados","BB","1998",0.523799813996995,0.582908540580242,0.90550406067371,1.39342733037494,1.49844653093972
"Barbados","BB","2007",0.534893243287701,0.590582324695242,0.89462262934874,1.33139514766685,1.40502624881825
"Barbados","BB","2008",0.516927116246678,0.563630666078187,0.856838882220268,1.24288792577439,1.3158761564717
"Barbados","BB","2009",0.445991204943834,0.480010919600225,0.719850232039331,1.01297530892868,1.0900883440522
"Barbados","BB","2010",-1.0502031765773,-0.941907369071478,-0.406196934813738,-0.0154580439244505,0.0572849304104294
"Barbados","BB","2011",-1.58928818023995,-1.42390479700682,-0.74901913734198,-0.2161778836405,-0.121865034001453
"Barbados","BB","1999",0.532861448714907,0.57805564948784,0.893193865745564,1.31960280004051,1.3958339507242
"Barbados","BB","2000",0.525339095819093,0.58792468401951,0.894720308688994,1.31474394342537,1.38921759563024
"Barbados","BB","2001",0.525165204063563,0.576413106570136,0.906962847796016,1.3733420220397,1.45439046924064
"Barbados","BB","2002",0.542567865855542,0.594154321505347,0.963971834989354,1.41460308136027,1.49805631932702
"Barbados","BB","2003",0.557663662863209,0.616217770602795,0.965639558082615,1.40288090941004,1.47579154559583
"Barbados","BB","2004",0.561365690483842,0.619965661338623,0.953935530908886,1.40697160502669,1.53331810232021
"Barbados","BB","2005",0.562809948080141,0.623316736346254,0.974867503703326,1.41811146712113,1.50805321330842
"Barbados","BB","2006",0.562881819798874,0.61605038012587,0.971095314236829,1.41166329647226,1.52431546893251
"United States","US","1998",2.58484381839084,2.76033606017779,3.97837267222721,5.43707442489046,5.77512177799861
"United States","US","2007",3.52875788271571,3.78252762527567,5.05681046527719,6.59603702544892,6.86290986909735
"United States","US","2008",3.5912384770358,3.77384834675495,5.08296272657025,6.77819376857965,7.12053414934686
"United States","US","2009",3.53151565402632,3.763704686899,5.11668786472915,6.99438754453922,7.34359778108979
"United States","US","2010",3.29003994466329,3.65842999616788,5.1572170576759,7.06117442285182,7.45225494658276
"United States","US","2011",3.31334193675069,3.59962389340657,5.17323580360681,7.18354000479891,7.60371891496833
"United States","US","1999",2.78800327465722,2.95420150630285,4.06920157511872,5.44576156907202,5.62647935762544
"United States","US","2000",3.07015727642294,3.24279709463505,4.32785845394248,5.62702488174692,5.81428173462684
"United States","US","2001",3.21734021589564,3.41209539090657,4.51148324825285,5.75790582504477,5.95181737578982
"United States","US","2002",3.37916407091498,3.5798654613018,4.66209815429423,5.87478288988508,6.08608045474907
"United States","US","2003",3.45067969743803,3.6380738839201,4.76155978361698,5.93607842691442,6.19725267740989
"United States","US","2004",3.56530329699964,3.73309126719401,4.84663346679719,6.04240092239135,6.32297379408815
"United States","US","2005",3.52899654114568,3.74845830985323,4.92168923475669,6.26153158030806,6.5110978970262
"United States","US","2006",3.56537004866652,3.78754206620053,4.99901445250103,6.3666341359775,6.64721901920034
"Belgium","BE","1998",-0.604671554222841,-0.499877387510013,-0.0996744337523759,0.254424519685709,0.326439494032311
"Belgium","BE","2007",2.79406950524809,2.98620816731645,4.04312849901288,5.22607729434064,5.46408999636098
"Belgium","BE","2008",2.77794923086859,3.00363553695025,4.00911472213294,5.19689241625266,5.50309395584771
"Belgium","BE","2009",2.66166970968368,2.92212919388794,3.92805999550234,5.13036504551135,5.42175038372613
"Belgium","BE","2010",2.54715034174613,2.77583034739619,3.81389861562803,5.0580448932675,5.34755564628562
"Belgium","BE","2011",2.20202490759947,2.4218661845552,3.64478206849304,4.98019731057267,5.30914951911004
"Belgium","BE","1999",0.0910879771363107,0.140499467993153,0.360355696835737,0.540229722885228,0.561913494169697
"Belgium","BE","2000",1.2492652015929,1.38572323023287,2.04644211400984,2.74789355422665,2.85035365088361
"Belgium","BE","2001",1.92470936702939,2.10432431701212,2.90975310449864,3.80302290059478,3.99538898530492
"Belgium","BE","2002",2.42892641886355,2.56905671972176,3.4165386154008,4.49598861492325,4.68188572576788
"Belgium","BE","2003",2.64372347824329,2.81481194268218,3.70860498152052,4.75769024193685,4.92335089021743
"Belgium","BE","2004",2.71092048270512,2.86607197761528,3.84870738903946,4.99601870995018,5.2199384054777
"Belgium","BE","2005",2.73902724419237,2.93073869402446,3.97166811452206,5.08664783218202,5.2889797051514
"Belgium","BE","2006",2.80153296998903,2.93440060402515,4.0333749986754,5.20869637032999,5.42776757734263
"Bahrain","BH","1998",0.532156617009855,0.584138680715329,0.911491044485523,1.38406020712961,1.47084202714765
"Bahrain","BH","2007",0.406019471437858,0.43125862262432,0.641800407060697,0.838288083201328,0.891642040167963
"Bahrain","BH","2008",0.480071489506007,0.530265497518996,0.792456095300177,1.12253077846142,1.20478070576086
"Bahrain","BH","2009",0.505557253164222,0.545465175593613,0.839938128727561,1.21470427651744,1.30684378720063
"Bahrain","BH","2010",0.458235987236696,0.495797580836105,0.731415126908399,1.0276189966669,1.08410163415066
"Bahrain","BH","2011",-0.207631983190847,-0.135055458856102,0.204706791991954,0.464439685481872,0.49887683258773
"Bahrain","BH","1999",0.516405496872153,0.58206048209033,0.887874138675848,1.29281692975286,1.39102286484134
"Bahrain","BH","2000",0.489205116337533,0.535372279804439,0.808831779855419,1.17031741881141,1.26648545414806
"Bahrain","BH","2001",-0.117749738438993,-0.0562085366082322,0.258641224783163,0.480071185420255,0.504246574943389
"Bahrain","BH","2002",-0.225375979955364,-0.15082949250201,0.19246154983143,0.456397257987689,0.491478979892761
"Bahrain","BH","2003",-0.228201314270384,-0.142833513468002,0.192274611184278,0.457871656473238,0.492244883359142
"Bahrain","BH","2004",-0.127746774047032,-0.070395754678604,0.234179998268435,0.483471691086296,0.51099088054772
"Bahrain","BH","2005",0.404983599156424,0.436584626413478,0.647779072407555,0.863978290742333,0.905267584910099
"Bahrain","BH","2006",0.404864634775498,0.437905805221398,0.645403909513191,0.853145766237362,0.913441748292399
"Bermuda","BM","1998",-9.56209188601937,-9.06328152388718,-6.28945733370087,-3.83303332769805,-3.37563559433397
"Bermuda","BM","2007",-10.2574028460207,-9.82355909754881,-6.42252316739302,-4.17592080884089,-3.80649630829685
"Bermuda","BM","2008",-10.3969590237603,-9.87625535059587,-6.38814357361148,-4.27440796633047,-3.91438750013989
"Bermuda","BM","2009",-10.3358171230855,-9.93948734772632,-6.38177949893818,-4.20998781592267,-3.8980181797896
"Bermuda","BM","2010",-10.5343431498831,-10.0401787827166,-6.38341254749543,-4.0934722761975,-3.83948201718708
"Bermuda","BM","2011",-10.6171585284497,-10.1019359627237,-6.37831323662903,-4.05562574123284,-3.7042764501615
"Bermuda","BM","1999",-9.3756580745046,-9.04128225308796,-6.40633280603423,-3.9058959184132,-3.43822703004072
"Bermuda","BM","2000",-9.49863103725815,-9.17625776977266,-6.43319323478014,-3.92072200461064,-3.51495702858233
"Bermuda","BM","2001",-9.5639941244582,-9.18436951935256,-6.46658313100026,-3.94649050830784,-3.59601220709248
"Bermuda","BM","2002",-9.53253124147375,-9.19696469085172,-6.49229577816514,-3.95484138029516,-3.61097587293717
"Bermuda","BM","2003",-9.65105029907827,-9.26657371482054,-6.45951191187667,-3.91754289077667,-3.62285303856151
"Bermuda","BM","2004",-9.60220352666858,-9.32198941699258,-6.43408098932413,-4.05302300562578,-3.79324229390129
"Bermuda","BM","2005",-9.84270926161607,-9.4853429611963,-6.40579598841484,-4.07791679064409,-3.82590950875166
"Bermuda","BM","2006",-10.2092675187369,-9.69610711783165,-6.40459548903917,-4.16828107790197,-3.79774675169871
